-- --------------------------------------------------------
-- Host:                         127.0.0.1
-- Server version:               10.4.32-MariaDB - mariadb.org binary distribution
-- Server OS:                    Win64
-- HeidiSQL Version:             12.14.0.7165
-- --------------------------------------------------------

/*!40101 SET @OLD_CHARACTER_SET_CLIENT=@@CHARACTER_SET_CLIENT */;
/*!40101 SET NAMES utf8 */;
/*!50503 SET NAMES utf8mb4 */;
/*!40103 SET @OLD_TIME_ZONE=@@TIME_ZONE */;
/*!40103 SET TIME_ZONE='+00:00' */;
/*!40014 SET @OLD_FOREIGN_KEY_CHECKS=@@FOREIGN_KEY_CHECKS, FOREIGN_KEY_CHECKS=0 */;
/*!40101 SET @OLD_SQL_MODE=@@SQL_MODE, SQL_MODE='NO_AUTO_VALUE_ON_ZERO' */;
/*!40111 SET @OLD_SQL_NOTES=@@SQL_NOTES, SQL_NOTES=0 */;


-- Dumping database structure for phonehub
CREATE DATABASE IF NOT EXISTS `phonehub` /*!40100 DEFAULT CHARACTER SET utf8mb4 COLLATE utf8mb4_general_ci */;
USE `phonehub`;

-- Dumping structure for table phonehub.cartitems
CREATE TABLE IF NOT EXISTS `cartitems` (
  `id` int(11) NOT NULL AUTO_INCREMENT,
  `user_id` int(11) NOT NULL,
  `product_id` int(11) NOT NULL,
  `quantity` int(11) NOT NULL,
  `color` varchar(50) NOT NULL,
  `storage` varchar(50) NOT NULL,
  `price` varchar(50) NOT NULL,
  `brand` varchar(50) NOT NULL,
  `model` varchar(50) NOT NULL,
  `img` varchar(255) NOT NULL,
  PRIMARY KEY (`id`),
  KEY `FK_cartitem_product_id` (`product_id`),
  KEY `FK_cartitem_user_id` (`user_id`),
  CONSTRAINT `FK_cartitem_product_id` FOREIGN KEY (`product_id`) REFERENCES `products` (`id`) ON DELETE NO ACTION,
  CONSTRAINT `FK_cartitem_user_id` FOREIGN KEY (`user_id`) REFERENCES `users` (`id`) ON DELETE NO ACTION
) ENGINE=InnoDB AUTO_INCREMENT=27 DEFAULT CHARSET=utf8mb4 COLLATE=utf8mb4_general_ci;

-- Dumping data for table phonehub.cartitems: ~6 rows (approximately)
REPLACE INTO `cartitems` (`id`, `user_id`, `product_id`, `quantity`, `color`, `storage`, `price`, `brand`, `model`, `img`) VALUES
	(11, 2, 2, 2, 'Silver', '1TB', '64900', 'Apple', 'iPhone 17 Pro Max', 'https://media-cdn.bnn.in.th/533314/iPhone_17_Pro_Max_01-square_medium.jpg'),
	(17, 2, 4, 1, 'Pearl White', '512GB', '39999', 'OPPO', 'Find X8 Pro', 'https://www.iphone-droid.net/wp-content/uploads/2024/10/oppo-find-x8-series-official-renders-leaked-1.png'),
	(18, 2, 4, 2, 'Space Black', '512GB', '39999', 'OPPO', 'Find X8 Pro', 'https://www.iphone-droid.net/wp-content/uploads/2024/10/oppo-find-x8-series-official-renders-leaked-1.png'),
	(20, 3, 2, 1, 'Cosmic Orange', '2TB', '80900', 'Apple', 'iPhone 17 Pro Max', 'https://media-cdn.bnn.in.th/533314/iPhone_17_Pro_Max_01-square_medium.jpg'),
	(21, 3, 3, 1, 'Titanium Black', '1TB', '66900', 'Samsung', 'Galaxy S26 Ultra', 'https://shop.samsung.com/ie/images/products/30442/38429/2000x2000/M3DA512.webp'),
	(26, 4, 2, 1, 'Cosmic Orange', '2TB', '80900', 'Apple', 'iPhone 17 Pro Max', 'https://media-cdn.bnn.in.th/533314/iPhone_17_Pro_Max_01-square_medium.jpg');

-- Dumping structure for table phonehub.orderitems
CREATE TABLE IF NOT EXISTS `orderitems` (
  `id` int(11) NOT NULL AUTO_INCREMENT,
  `order_id` int(11) NOT NULL,
  `product_id` int(11) NOT NULL,
  `quantity` int(11) NOT NULL DEFAULT 1,
  `price_at_purchase` int(11) NOT NULL DEFAULT 1,
  `product_brand` varchar(50) NOT NULL,
  `product_img` longtext CHARACTER SET utf8mb4 COLLATE utf8mb4_bin NOT NULL CHECK (json_valid(`product_img`)),
  `product_model` varchar(255) NOT NULL,
  `variation` longtext CHARACTER SET utf8mb4 COLLATE utf8mb4_bin NOT NULL CHECK (json_valid(`variation`)),
  PRIMARY KEY (`id`),
  KEY `FK_orderitems_orders_id` (`order_id`),
  KEY `FK_orderitem_products_id` (`product_id`),
  CONSTRAINT `FK_orderitem_products_id` FOREIGN KEY (`product_id`) REFERENCES `products` (`id`) ON DELETE NO ACTION,
  CONSTRAINT `FK_orderitems_orders_id` FOREIGN KEY (`order_id`) REFERENCES `orders` (`id`) ON DELETE NO ACTION
) ENGINE=InnoDB AUTO_INCREMENT=11 DEFAULT CHARSET=utf8mb4 COLLATE=utf8mb4_general_ci;

-- Dumping data for table phonehub.orderitems: ~7 rows (approximately)
REPLACE INTO `orderitems` (`id`, `order_id`, `product_id`, `quantity`, `price_at_purchase`, `product_brand`, `product_img`, `product_model`, `variation`) VALUES
	(3, 12, 2, 1, 80900, 'Apple', '["https://media-cdn.bnn.in.th/533314/iPhone_17_Pro_Max_01-square_medium.jpg"]', 'iPhone 17 Pro Max', '[{"storage":"2TB","color":"Cosmic Orange"}]'),
	(4, 13, 3, 1, 46900, 'Samsung', '["https://shop.samsung.com/ie/images/products/30442/38429/2000x2000/M3DA512.webp"]', 'Galaxy S26 Ultra', '[{"storage":"256GB","color":"Titanium Black"}]'),
	(5, 13, 5, 1, 39999, 'Vivo', '["https://asia-exstatic-vivofs.vivo.com/PSee2l50xoirPK7y/1737463542993/627ab294bbc01131e749e3ef788de1f7.png"]', 'X200 Pro', '[{"storage":"512GB","color":"Titanium Gray"}]'),
	(6, 14, 2, 1, 56900, 'Apple', '["https://media-cdn.bnn.in.th/533314/iPhone_17_Pro_Max_01-square_medium.jpg"]', 'iPhone 17 Pro Max', '[{"storage":"512GB","color":"Cosmic Orange"}]'),
	(7, 15, 3, 1, 66900, 'Samsung', '["https://shop.samsung.com/ie/images/products/30442/38429/2000x2000/M3DA512.webp"]', 'Galaxy S26 Ultra', '[{"storage":"1TB","color":"Titanium Silver"}]'),
	(8, 16, 19, 1, 52900, 'Samsung', '["https://media-cdn.bnn.in.th/363371/Samsung--Galaxy-S24-ULTRA--TITANIUM-5G-8-square_medium.jpg"]', 'Galaxy S24 Ultra', '[{"storage":"512GB","color":"Titanium Violet"}]'),
	(9, 17, 30, 1, 37500, 'Apple', '["https://media-cdn.bnn.in.th/533218/iPhone_17_Lavender_-01-square_medium.jpg"]', 'iPhone 17', '[{"storage":"512GB","color":"Lavender"}]'),
	(10, 18, 21, 2, 42900, 'Samsung', '["https://images.samsung.com/is/image/samsung/p6pim/th/sm-f741blgathl/gallery/th-galaxy-zflip6-f741-513544-sm-f741blgathl-542920448?imbypass=true"]', 'Galaxy Z Flip 6', '[{"storage":"512GB","color":"Blue"}]');

-- Dumping structure for table phonehub.orders
CREATE TABLE IF NOT EXISTS `orders` (
  `id` int(11) NOT NULL AUTO_INCREMENT,
  `user_id` int(11) NOT NULL,
  `total_price` varchar(50) NOT NULL,
  `status` enum('pending','paid','shipping','delivered','canceled','refunded') NOT NULL DEFAULT 'pending',
  `created_at` varchar(25) NOT NULL,
  `paid_at` varchar(25) NOT NULL,
  `shipping_address` longtext CHARACTER SET utf8mb4 COLLATE utf8mb4_bin NOT NULL,
  `customer_name` varchar(50) NOT NULL,
  `customer_phone` varchar(10) NOT NULL,
  `start_shipping_at` varchar(25) NOT NULL,
  `shipper_name` varchar(50) NOT NULL,
  `tracking_no` varchar(255) NOT NULL,
  `delivery_person_name` varchar(50) NOT NULL,
  `delivery_person_phone` varchar(50) NOT NULL,
  `delivered_at` varchar(25) NOT NULL,
  PRIMARY KEY (`id`) USING BTREE,
  KEY `FK_orders_users_id` (`user_id`),
  CONSTRAINT `FK_orders_users_id` FOREIGN KEY (`user_id`) REFERENCES `users` (`id`) ON DELETE NO ACTION
) ENGINE=InnoDB AUTO_INCREMENT=19 DEFAULT CHARSET=utf8mb4 COLLATE=utf8mb4_general_ci;

-- Dumping data for table phonehub.orders: ~6 rows (approximately)
REPLACE INTO `orders` (`id`, `user_id`, `total_price`, `status`, `created_at`, `paid_at`, `shipping_address`, `customer_name`, `customer_phone`, `start_shipping_at`, `shipper_name`, `tracking_no`, `delivery_person_name`, `delivery_person_phone`, `delivered_at`) VALUES
	(12, 2, '80900', 'paid', '19/07/2026 09:33', '19/07/2026 09:33', 'Sunshine Sabyedee, 0999999999, 123/4 หมู่5 ถนนพหลโยธิน, อนุเสาวรีย์, บางเขน, กรุงเทพมหานคร, 10220', 'Sunshine Sabyedee', '0999999999', '19/07/2026 09:38', 'Flash Express', 'TH204935729857', 'สมชาย สบายดี', '0888888888', '20/07/2026 01:35'),
	(13, 2, '86899', 'refunded', '19/07/2026 09:35', '19/07/2026 09:35', 'Sunshine Sabyedee, 0999999999, 123/4 หมู่5 ถนนพหลโยธิน, อนุเสาวรีย์, บางเขน, กรุงเทพมหานคร, 10220', 'Sunshine Sabyedee', '0999999999', '19/07/2026 22:15', 'Flash Express', 'TH204935729857', 'สมชาย สบายดี', '0888888888', '20/07/2026 01:48'),
	(14, 3, '56900', 'delivered', '21/07/2026 01:52', '20/07/2026 01:52', 'ซัน ใจดี, 0444444444, 123/4 หมู่5 ถนนพหลโยธิน, อนุเสาวรีย์, บางเขน, กรุงเทพมหานคร, 10220', 'ซัน ใจดี', '0444444444', '21/07/2026 16:59', 'Thunder Express', 'TH3323598022', 'สมชาย ใจดี', '0888888888', '21/07/2026 18:10'),
	(15, 3, '66900', 'shipping', '21/07/2026 17:22', '21/07/2026 17:22', 'ซัน ใจดี, 0444444444, 123/4 หมู่5 ถนนพหลโยธิน, อนุเสาวรีย์, บางเขน, กรุงเทพมหานคร, 10220', 'ซัน ใจดี', '0444444444', '21/07/2026 17:22', 'Thunder Express', 'TH3323598022', 'สมชาย ใจดี', '0888888888', ''),
	(16, 3, '52900', 'paid', '22/07/2026 05:35', '22/07/2026 05:35', 'ซัน ใจดี, 0444444444, 123/4 หมู่5 ถนนพหลโยธิน, อนุเสาวรีย์, บางเขน, กรุงเทพมหานคร, 10220', 'ซัน ใจดี', '0444444444', '', '', '', '', '', ''),
	(17, 4, '37500', 'delivered', '22/07/2026 06:25', '22/07/2026 06:25', 'เฟียร์ จุ๊จุ๊, 0222222222, 181/4 หมู่ที่6 ซอยนาแก ถนนพหลโยธิน, อนุเสาวรีย์, บางเขน, กรุงเทพมหานคร, 10220', 'เฟียร์ จุ๊จุ๊', '0222222222', '22/07/2026 06:49', 'Thunder Express', 'TH3323598022', 'สมชาย ใจดี', '0888888888', '22/07/2026 06:50'),
	(18, 4, '85800', 'delivered', '22/07/2026 06:30', '22/07/2026 06:30', 'นายเฟียร์ จุ๊จุ๊, 0222222222, 181/4 หมู่ที่6 ซอยนาแก ถนนพหลโยธิน, อนุเสาวรีย์, บางเขน, กรุงเทพมหานคร, 10220', 'นายเฟียร์ จุ๊จุ๊', '0222222222', '22/07/2026 06:32', 'Thunder Express', 'TH3323598022', 'สมชาย ใจดี', '0888888888', '22/07/2026 06:33');

-- Dumping structure for table phonehub.payments
CREATE TABLE IF NOT EXISTS `payments` (
  `id` int(11) NOT NULL AUTO_INCREMENT,
  `order_id` int(11) NOT NULL,
  `payment_method` enum('cod','qrcode','creditcard','mobilebanking') NOT NULL,
  `amount` int(11) NOT NULL,
  `status` enum('pending','success','failed') NOT NULL DEFAULT 'pending',
  `paid_at` varchar(25) NOT NULL,
  PRIMARY KEY (`id`),
  KEY `FK_payments_orders_order_id` (`order_id`),
  CONSTRAINT `FK_payments_orders_order_id` FOREIGN KEY (`order_id`) REFERENCES `orders` (`id`) ON DELETE NO ACTION
) ENGINE=InnoDB DEFAULT CHARSET=utf8mb4 COLLATE=utf8mb4_general_ci;

-- Dumping data for table phonehub.payments: ~0 rows (approximately)

-- Dumping structure for table phonehub.products
CREATE TABLE IF NOT EXISTS `products` (
  `id` int(11) NOT NULL AUTO_INCREMENT,
  `brand` varchar(50) NOT NULL,
  `model` varchar(255) NOT NULL,
  `variation` longtext CHARACTER SET utf8mb4 COLLATE utf8mb4_bin NOT NULL CHECK (json_valid(`variation`)),
  `img` longtext CHARACTER SET utf8mb4 COLLATE utf8mb4_bin NOT NULL,
  `specifications` longtext CHARACTER SET utf8mb4 COLLATE utf8mb4_bin NOT NULL CHECK (json_valid(`specifications`)),
  `view_count` int(11) NOT NULL DEFAULT 0,
  `sales_count` int(11) NOT NULL DEFAULT 0,
  PRIMARY KEY (`id`)
) ENGINE=InnoDB AUTO_INCREMENT=60 DEFAULT CHARSET=utf8mb4 COLLATE=utf8mb4_general_ci;

-- Dumping data for table phonehub.products: ~57 rows (approximately)
REPLACE INTO `products` (`id`, `brand`, `model`, `variation`, `img`, `specifications`, `view_count`, `sales_count`) VALUES
	(2, 'Apple', 'iPhone 17 Pro Max', '[{"storage":"2TB","color":"Cosmic Orange","stock":"9","price":"80900"},{"storage":"2TB","color":"Silver","stock":"10","price":"80900"},{"storage":"2TB","color":"Deep Blue","stock":"10","price":"80900"},{"storage":"1TB","color":"Cosmic Orange","stock":"10","price":"64900"},{"storage":"1TB","color":"Silver","stock":"10","price":"64900"},{"storage":"1TB","color":"Deep Blue","stock":"10","price":"64900"},{"storage":"512GB","color":"Cosmic Orange","stock":"9","price":"56900"},{"storage":"512GB","color":"Silver","stock":"10","price":"56900"},{"storage":"512GB","color":"Deep Blue","stock":"10","price":"56900"},{"storage":"256GB","color":"Cosmic Orange","stock":"10","price":"48900"},{"storage":"256GB","color":"Silver","stock":"10","price":"48900"},{"storage":"256GB","color":"Deep Blue","stock":"10","price":"48900"}]', '["https://media-cdn.bnn.in.th/533314/iPhone_17_Pro_Max_01-square_medium.jpg","https://media-cdn.bnn.in.th/533315/iPhone_17_Pro_Max_2-square_medium.jpg","https://media-cdn.bnn.in.th/533316/iPhone_17_Pro_Max_3-square_medium.jpg","https://media-cdn.bnn.in.th/533317/iPhone_17_Pro_Max_4-square_medium.jpg","https://media-cdn.bnn.in.th/535097/iPhone_17_Pro_Max_5-square_medium.jpg"]', '{"screenSize":"6.9 นิ้ว","screenType":"จอภาพ Super Retina XDR display (เทคโนโลยี LTPO OLED)","refreshRate":"120 Hz","chipset":"ชิป A19 Pro","backCamera":"ระบบกล้องโปร 48MP สามตัว (กล้องหลัก Fusion 48MP, กล้องมุมกว้าง Ultra Wide 48MP และกล้องซูม Telephoto 48MP)","frontCamera":"18MP พร้อมรองรับฟังก์ชัน Center Stage","batteryLife":"ทาง Apple ไม่ได้ระบุตัวเลขหน่วย mAh ไว้อย่างเป็นทางการ แต่ระบุสเปกว่าสามารถเล่นวิดีโอต่อเนื่องได้ยาวนานสูงสุด 37 ชั่วโมง","fastCharge":"รองรับระบบชาร์จเร็วมาตรฐาน USB-C PD ที่ความเร็วประมาณ 27W - 30W (แนะนำให้ใช้งานร่วมกับหัวชาร์จกำลังไฟ 30W ขึ้นไป)","os":"iOS 19 (ระบบปฏิบัติการเริ่มต้นของรุ่นนี้)","connections":"พอร์ต USB-C และรองรับการเชื่อมต่อไร้สายความเร็วสูง 5G, Wi-Fi 7 และ Bluetooth 6.0","highlights":"ขายดีอันดับ 1"}', 8, 2),
	(3, 'Samsung', 'Galaxy S26 Ultra', '[{"storage":"1TB","color":"Titanium Black","stock":"10","price":"66900"},{"storage":"1TB","color":"Titanium Silver","stock":9,"price":"66900"},{"storage":"512GB","color":"Titanium Black","stock":"10","price":"54900"},{"storage":"512GB","color":"Titanium Silver","stock":"10","price":"54900"},{"storage":"256GB","color":"Titanium Black","stock":"9","price":"46900"},{"storage":"256GB","color":"Titanium Silver","stock":"10","price":"46900"}]', '["https://shop.samsung.com/ie/images/products/30442/38429/2000x2000/M3DA512.webp"]', '{"screenSize":"6.9 นิ้ว","screenType":"จอแสดงผลแบบ Dynamic LTPO AMOLED 2X, 24-bit (ดีไซน์กระจก Corning Gorilla Armor 2 และบอดี้ไทเทเนียม)","refreshRate":"120 Hz","chipset":"Qualcomm Snapdragon 8 Elite Gen 5 (for Galaxy)","backCamera":"กล้องหลัง 4 ตัว ความละเอียดหลัก 200MP + เลนส์ซูม 10MP (3x Zoom) + เลนส์ซูม 50MP (5x Zoom) + เลนส์มุมกว้าง Ultra-Wide 50MP","frontCamera":"12MP พร้อมระบบโฟกัสอัตโนมัติความเร็วสูง","batteryLife":"แบตเตอรี่ความจุ 5,000 mAh รองรับการใช้งานต่อเนื่องตลอดทั้งวัน","fastCharge":"รองรับเทคโนโลยี Super Fast Charging 3.0 สูงสุดที่ความเร็ว 60W และชาร์จแบบไร้สาย 25W","os":"One UI 8.5 (ทำงานบนพื้นฐานระบบปฏิบัติการ Android 16)","connections":"พอร์ต USB-C 3.2, รองรับ 5G, Wi-Fi 7, Bluetooth 6.0 และเทคโนโลยี Ultra Wideband (UWB)","highlights":"สุดยอดสมาร์ทโฟนเรือธงพร้อมปากกา S Pen และฟีเจอร์ความปลอดภัยปกป้องความเป็นส่วนตัวในตัว","ram":"","promoPrice":""}', 6, 2),
	(4, 'OPPO', 'Find X8 Pro', '[{"storage":"512GB","color":"Pearl White","stock":"10","price":"39999"},{"storage":"512GB","color":"Space Black","stock":"10","price":"39999"}]', '["https://www.iphone-droid.net/wp-content/uploads/2024/10/oppo-find-x8-series-official-renders-leaked-1.png","https://www.iphone-droid.net/wp-content/uploads/2024/10/oppo-find-x8-series-official-renders-leaked-6.png","https://www.iphone-droid.net/wp-content/uploads/2024/10/oppo-find-x8-series-official-renders-leaked-10.png","https://www.iphone-droid.net/wp-content/uploads/2024/10/oppo-find-x8-series-official-renders-leaked-11.png","https://www.iphone-droid.net/wp-content/uploads/2024/10/oppo-find-x8-series-official-renders-leaked-17.png"]', '{"screenSize":"6.78 นิ้ว","screenType":"หน้าจอขอบโค้งมนแบบ PEBBLE, เทคโนโลยี Infinite View Display (AMOLED)","refreshRate":"120 Hz","chipset":"MediaTek Dimensity 9400 (ระดับเรือธงสถาปัตยกรรม 3 นาโนเมตร)","backCamera":"กล้องโปรระดับ Hasselblad จำนวน 4 ตัว ความละเอียด 50MP ทุกเลนส์ (กล้องหลัก, เลนส์ Ultra-wide, เลนส์ซูม Periscope 3x และเลนส์ซูม Periscope 6x)","frontCamera":"32MP รองรับการถ่ายเซลฟี่มุมมองกว้างและคมชัด","batteryLife":"แบตเตอรี่ซิลิคอนคาร์บอนความหนาแน่นสูง ความจุพิเศษ 5,910 mAh","fastCharge":"รองรับการชาร์จเร็วแบบสาย 80W SUPERVOOC และชาร์จไร้สายความเร็วสูง 50W AIRVOOC","os":"ColorOS 15 (ทำงานบนพื้นฐานระบบปฏิบัติการ Android 15)","connections":"พอร์ต USB-C และเสารับสัญญาณโครงข่ายรอบทิศทาง 360° Surround Antenna รองรับการเชื่อมต่อ 5G, Wi-Fi 7","highlights":"สุดยอดกล้องสายซูมและกล้อง Portrait ในตำนานร่วมกับ Hasselblad พร้อมระบบปุ่มชัตเตอร์แบบสัมผัส Quick Button ด้านข้างตัวเครื่อง"}', 1, 0),
	(5, 'Vivo', 'X200 Pro', '[{"storage":"512GB","color":"Titanium Gray","stock":"10","price":"39999"},{"storage":"512GB","color":"Midnight Blue","stock":"10","price":"39999"}]', '["https://asia-exstatic-vivofs.vivo.com/PSee2l50xoirPK7y/1737463542993/627ab294bbc01131e749e3ef788de1f7.png","https://asia-exstatic-vivofs.vivo.com/PSee2l50xoirPK7y/Picture_library/1737462258979/zip/img/pc4.jpg"]', '{"screenSize":"6.78 นิ้ว","screenType":"หน้าจอแสดงผลขอบโค้ง 2.5D แบบ AMOLED คมชัดสมจริง","refreshRate":"120 Hz","chipset":"MediaTek Dimensity 9400","backCamera":"กล้องเลนส์ระดับโลกร่วมกับ ZEISS (กล้องหลักความละเอียด 50MP เซนเซอร์ Sony LYT-818 + กล้องซูม Telephoto 200MP ระดับเทพ ZEISS APO + เลนส์ Ultra-Wide 50MP)","frontCamera":"32MP รองรับ AI Portrait หน้าชัดหลังเบลอสวยงามเป็นธรรมชาติ","batteryLife":"แบตเตอรี่ขนาดใหญ่เทคโนโลยีใหม่ ความจุสูงสุดถึง 6,000 mAh","fastCharge":"รองรับเทคโนโลยีชาร์จเร็วระดับเรือธง 90W FlashCharge ผ่านสายพอร์ต Type-C","os":"Funtouch OS 15 (ทำงานบนพื้นฐานระบบปฏิบัติการ Android 15)","connections":"พอร์ต USB-C, การเชื่อมต่อไร้สายความเร็วสูง 5G, Dual SIM Dual Standby (DSDS) และระบบความปลอดภัยเต็มรูปแบบ","highlights":"โดดเด่นที่สุดด้วยกล้องเทเลโฟโตระดับ 200 ล้านพิกเซล ZEISS APO คมชัดแม้ยามค่ำคืนและการซูมระดับพระกาฬ"}', 1, 1),
	(6, 'Xiaomi', '17 Ultra', '[{"storage":"1TB","color":"Black","stock":"10","price":"48990"},{"storage":"1TB","color":"White","stock":"10","price":"48990"},{"storage":"1TB","color":"Starlit Green","stock":"10","price":"48990"},{"storage":"512GB","color":"Black","stock":"10","price":"44990"},{"storage":"512GB","color":"White","stock":"10","price":"44990"},{"storage":"512GB","color":"Starlit Green","stock":"10","price":"44990"}]', '["https://www.ec-mall.com/media/catalog/product/cache/55b8d9149c90ec27221b7d1ab8c3d7ed/x/i/xiaomi-17-ultra-5g_01.jpg","https://www.ec-mall.com/media/catalog/product/cache/55b8d9149c90ec27221b7d1ab8c3d7ed/x/i/xiaomi-17-ultra-5g_02.jpg","https://www.ec-mall.com/media/catalog/product/cache/55b8d9149c90ec27221b7d1ab8c3d7ed/x/i/xiaomi-17-ultra-5g_03.jpg","https://www.ec-mall.com/media/catalog/product/cache/55b8d9149c90ec27221b7d1ab8c3d7ed/x/i/xiaomi-17-ultra-5g_04.jpg","https://www.ec-mall.com/media/catalog/product/cache/55b8d9149c90ec27221b7d1ab8c3d7ed/x/i/xiaomi-17-ultra-5g_08.jpg"]', '{"screenSize":"6.73 นิ้ว","screenType":"จอภาพความสว่างสูงพิเศษ WQHD+ (เทคโนโลยี LTPO AMOLED 3,200 Nits)","refreshRate":"120 Hz","chipset":"Qualcomm Snapdragon 8 Elite (หรือรุ่นเทียบเท่าระดับท็อปปีล่าสุด)","backCamera":"ชุดเลนส์ออปติคอลระดับตำนาน Summilux จาก Leica 4 ตัว ความละเอียด 50MP + 50MP + 50MP + 50MP พร้อมเซนเซอร์หลักขนาดใหญ่ 1 นิ้วเพื่อการเก็บแสงอย่างสมบูรณ์แบบ","frontCamera":"32MP พร้อมระบบประมวลผลอัจฉริยะ Xiaomi HyperAI","batteryLife":"แบตเตอรี่ความหนาแน่นสูงประมาณ 5,000 mAh ถึง 5,300 mAh เพื่อการใช้งานที่ทนทาน","fastCharge":"รองรับการชาร์จเร็วเป็นพิเศษ 90W HyperCharge","os":"Xiaomi HyperOS 2.0 (หรือระบบปฎิบัติการเวอร์ชันล่าสุดระดับโกลบอล)","connections":"พอร์ตความเร็วสูง USB-C, รองรับสัญญาณไร้สาย 5G, Wi-Fi 7 ความเร็วสูง","highlights":"ที่สุดของสมาร์ทโฟนสำหรับการถ่ายภาพระดับโปรด้วยกล้องเลนส์ Leica Summilux และประสิทธิภาพจากชิปเซ็ตรุ่นท็อปสุด"}', 3, 0),
	(8, 'Vivo', 'X300', '[{"storage":"512GB","color":"Halo Pink","stock":"10","price":"32999"},{"storage":"512GB","color":"Iris Purple","stock":"10","price":"32999"},{"storage":"512GB","color":"Phantom Black","stock":"10","price":"32999"},{"storage":"256GB","color":"Halo Pink","stock":"10","price":"29999"},{"storage":"256GB","color":"Iris Purple","stock":"10","price":"29999"},{"storage":"256GB","color":"Phantom Black","stock":"10","price":"29999"}]', '["https://asia-exstatic-vivofs.vivo.com/PSee2l50xoirPK7y/Picture_library/1763639349926/zip/img/pc1.jpg","https://asia-exstatic-vivofs.vivo.com/PSee2l50xoirPK7y/Picture_library/1763639349926/zip/img/pc2.jpg","https://asia-exstatic-vivofs.vivo.com/PSee2l50xoirPK7y/Picture_library/1763639349926/zip/img/pc3.jpg","https://asia-exstatic-vivofs.vivo.com/PSee2l50xoirPK7y/Picture_library/1763639349926/zip/img/pc4.jpg","https://asia-exstatic-vivofs.vivo.com/PSee2l50xoirPK7y/Picture_library/1763639349926/zip/img/pc5.jpg"]', '{"screenSize":"6.31 นิ้ว","screenType":"จอภาพ AMOLED (วัสดุเปล่งแสง Q10 plus จาก BOE ความสว่างสูงสุดเฉพาะส่วน 4500 nits)","refreshRate":"120 Hz","chipset":"ชิป MediaTek Dimensity 9500","backCamera":"ระบบกล้องหลัง 3 ตัว (กล้องหลัก 200MP, กล้องมุมกว้าง Ultra Wide 50MP และกล้องซูม Telephoto 50MP)","frontCamera":"50MP","batteryLife":"แบตเตอรี่ความจุ 6040 mAh BlueVolt (ทนน้ำทนฝุ่นระดับมาตรฐานคู่ IP68 & IP69)","fastCharge":"รองรับระบบชาร์จไวผ่านสาย 90W และระบบชาร์จไร้สาย 40W","os":"OriginOS 6 (พัฒนาบนพื้นฐาน Android 16)","connections":"พอร์ต USB-C 3.2 และรองรับการเชื่อมต่อไร้สายความเร็วสูง 5G, Wi-Fi 7 และ Bluetooth 6","highlights":"กล้องหลัก 200MP พร้อมแบตเตอรี่พรีเมียมความจุสูง"}', 0, 0),
	(9, 'Vivo', 'X300 Pro', '[{"storage":"512GB","color":"Dune Brown","stock":"10","price":"39999"},{"storage":"512GB","color":"Mist Blue","stock":"10","price":"39999"},{"storage":"512GB","color":"Phantom Black","stock":"10","price":"39999"}]', '["https://asia-exstatic-vivofs.vivo.com/PSee2l50xoirPK7y/Picture_library/1763641275932/zip/img/pc1.jpg","https://asia-exstatic-vivofs.vivo.com/PSee2l50xoirPK7y/Picture_library/1763641275932/zip/img/pc2.jpg","https://asia-exstatic-vivofs.vivo.com/PSee2l50xoirPK7y/Picture_library/1763641275932/zip/img/pc3.jpg","https://asia-exstatic-vivofs.vivo.com/PSee2l50xoirPK7y/Picture_library/1763641275932/zip/img/pc4.jpg","https://asia-exstatic-vivofs.vivo.com/PSee2l50xoirPK7y/Picture_library/1763641275932/zip/img/pc5.jpg"]', '{"screenSize":"6.78 นิ้ว","screenType":"จอภาพ AMOLED (วัสดุเปล่งแสง Q10 plus จาก BOE ความสว่างสูงสุดเฉพาะส่วน 4500 nits)","refreshRate":"120 Hz","chipset":"ชิป MediaTek Dimensity 9500","backCamera":"ระบบกล้องโปร 3 ตัว (กล้องหลัก 50MP เซนเซอร์ LYT828, กล้องมุมกว้าง Ultra Wide 50MP และกล้องซูม Telephoto 200MP เซนเซอร์ HPB)","frontCamera":"50MP","batteryLife":"แบตเตอรี่ความจุ 6510 mAh BlueVolt (ทนน้ำทนฝุ่นระดับมาตรฐานคู่ IP68 & IP69)","fastCharge":"รองรับระบบชาร์จไวผ่านสาย 90W และระบบชาร์จไร้สาย 40W","os":"OriginOS 6 (พัฒนาบนพื้นฐาน Android 16)","connections":"พอร์ต USB-C 3.2 และรองรับการเชื่อมต่อไร้สายความเร็วสูง 5G, Wi-Fi 7 และ Bluetooth 6","highlights":"กล้องซูม Telephoto ทรงพลัง 200MP พร้อมหน้าจอใหญ่ 6.78 นิ้ว และแบตเตอรี่อัปเกรด 6510 mAh"}', 0, 0),
	(10, 'Vivo', 'X300 Ultra', '[{"storage":"1TB","color":"Volcano Black","stock":"10","price":"64999"},{"storage":"1TB","color":"Steppe Green","stock":"10","price":"64999"},{"storage":"512GB","color":"Volcano Black","stock":"10","price":"54999"},{"storage":"512GB","color":"Steppe Green","stock":"10","price":"54999"}]', '["https://asia-exstatic-vivofs.vivo.com/PSee2l50xoirPK7y/Picture_library/1779198506541/zip/img/pc1.jpg","https://asia-exstatic-vivofs.vivo.com/PSee2l50xoirPK7y/Picture_library/1779198506541/zip/img/pc2.jpg","https://asia-exstatic-vivofs.vivo.com/PSee2l50xoirPK7y/Picture_library/1779198506541/zip/img/pc3.jpg","https://asia-exstatic-vivofs.vivo.com/PSee2l50xoirPK7y/Picture_library/1779198506541/zip/img/pc4.jpg"]', '{"screenSize":"6.82 นิ้ว","screenType":"จอภาพ AMOLED (วัสดุเปล่งแสง Q10 plus จาก BOE ความสว่างเฉพาะส่วนสูงสุด 4500 nits / โหมดความสว่างสูง 1800 nits)","refreshRate":"144 Hz","chipset":"ชิป Snapdragon® 8 Elite Gen 5 (Oryon CPU, GPU Adreno 840)","backCamera":"ระบบกล้องโปร 3 ตัว (กล้องหลัก 200MP เซนเซอร์ LYTIA 901, กล้องมุมกว้าง Ultra Wide 50MP เซนเซอร์ LYTIA 818 และกล้องซูม Telephoto 200MP เซนเซอร์ HP0)","frontCamera":"50MP (เซนเซอร์ JN5)","batteryLife":"แบตเตอรี่ความจุ 6600 mAh BlueVolt (ทนน้ำทนฝุ่นระดับมาตรฐานคู่ IP68 & IP69)","fastCharge":"รองรับระบบชาร์จไวผ่านสาย 100W และระบบชาร์จไร้สาย 40W","os":"OriginOS 6 (พัฒนาบนพื้นฐาน Android 16)","connections":"พอร์ต USB-C 3.2 และรองรับการเชื่อมต่อไร้สายความเร็วสูง 5G, Wi-Fi 7 และ Bluetooth 6","highlights":"ที่สุดของกล้องคู่ 200MP (กล้องหลัก + เทเล) ขับเคลื่อนด้วยชิป Snapdragon 8 Elite หน้าจอ 144Hz และแบตอึด 6600 mAh"}', 0, 0),
	(11, 'Vivo', 'X300 FE', '[{"storage":"512GB","color":"Mist Purple","stock":"10","price":"31999"},{"storage":"512GB","color":"Glow White","stock":"10","price":"31999"},{"storage":"512GB","color":"Luxe Black","stock":"10","price":"31999"},{"storage":"256GB","color":"Mist Purple","stock":"10","price":"27999"},{"storage":"256GB","color":"Glow White","stock":"10","price":"27999"},{"storage":"256GB","color":"Luxe Black","stock":"10","price":"27999"}]', '["https://asia-exstatic-vivofs.vivo.com/PSee2l50xoirPK7y/Picture_library/1779199205421/zip/img/pc1.jpg","https://asia-exstatic-vivofs.vivo.com/PSee2l50xoirPK7y/Picture_library/1779199205421/zip/img/pc2.jpg","https://asia-exstatic-vivofs.vivo.com/PSee2l50xoirPK7y/Picture_library/1779199205421/zip/img/pc3.jpg","https://asia-exstatic-vivofs.vivo.com/PSee2l50xoirPK7y/Picture_library/1779199205421/zip/img/pc4.jpg","https://asia-exstatic-vivofs.vivo.com/PSee2l50xoirPK7y/Picture_library/1779199205421/zip/img/pc5.jpg"]', '{"screenSize":"6.31 นิ้ว","screenType":"จอภาพ AMOLED (วัสดุเปล่งแสง U8 ความละเอียด 2640 x 1217 พิกเซล ความสว่างเฉพาะส่วนสูงสุด 5000 nits / โหมดความสว่างสูง 1800 nits)","refreshRate":"120 Hz","chipset":"ชิป Snapdragon® 8 Gen 5 (Oryon CPU, GPU Adreno 829)","backCamera":"ระบบกล้องโปร 3 ตัว (กล้องหลัก 50MP เซนเซอร์ LYTIA 702, กล้องมุมกว้าง Ultra Wide 8MP เซนเซอร์ OV08F และกล้องซูม Telephoto 50MP เซนเซอร์ LYTIA 600)","frontCamera":"50MP (เซนเซอร์ JN1)","batteryLife":"แบตเตอรี่ความจุ 6500 mAh BlueVolt (ทนน้ำทนฝุ่นระดับมาตรฐานคู่ IP68 & IP69)","fastCharge":"รองรับระบบชาร์จไวผ่านสาย 90W และระบบชาร์จไร้สาย 40W","os":"OriginOS 6 (พัฒนาบนพื้นฐาน Android 16)","connections":"พอร์ต USB-C 2.0 และรองรับการเชื่อมต่อไร้สายความเร็วสูง 5G, Wi-Fi 7 และ Bluetooth 6","highlights":"ชิปเซ็ต Snapdragon 8 Gen 5 แบตเตอรี่ความจุสูง 6500 mAh พร้อมจอพรีเมียมสว่างสูงสุด 5000 nits ในขนาดกะทัดรัด"}', 0, 0),
	(12, 'Vivo', 'X Fold5', '[{"storage":"512GB","color":"Titanium Gray","stock":"10","price":"59999"},{"storage":"512GB","color":"Feather White","stock":"10","price":"59999"}]', '["https://asia-exstatic-vivofs.vivo.com/PSee2l50xoirPK7y/Picture_library/1754390598783/zip/img/pc1.jpg","https://asia-exstatic-vivofs.vivo.com/PSee2l50xoirPK7y/Picture_library/1754390598783/zip/img/pc2.jpg","https://asia-exstatic-vivofs.vivo.com/PSee2l50xoirPK7y/Picture_library/1754390598783/zip/img/pc3.jpg","https://asia-exstatic-vivofs.vivo.com/PSee2l50xoirPK7y/Picture_library/1754390598783/zip/img/pc4.jpg","https://asia-exstatic-vivofs.vivo.com/PSee2l50xoirPK7y/Picture_library/1754390598783/zip/img/pc5.jpg","https://asia-exstatic-vivofs.vivo.com/PSee2l50xoirPK7y/Picture_library/1754390598783/zip/img/pc6.jpg"]', '{"screenSize":"หน้าจอหลัก 8.03 นิ้ว / หน้าจอด้านนอก 6.53 นิ้ว","screenType":"จอภาพ AMOLED (หน้าจอหลักวัสดุ E7 ความละเอียด 2480 × 2200 พิกเซล / หน้าจอด้านนอกวัสดุ Q10 Plus ความละเอียด 2748 x 1172 พิกเซล ความสว่างสูงสุดเฉพาะส่วน 4500 nits)","refreshRate":"120 Hz","chipset":"ชิป Snapdragon 8 Gen 3 (กระบวนการผลิต 4 nm, GPU Adreno 750)","backCamera":"ระบบกล้องหลัง 3 ตัว (กล้องหลัก 50MP เซนเซอร์ LYT702 f/1.57, กล้องมุมกว้าง Ultra Wide 50MP เซนเซอร์ JN1 และกล้องซูม Telephoto 50MP เซนเซอร์ LYTIA 600)","frontCamera":"20MP (เซนเซอร์ OV32D40)","batteryLife":"แบตเตอรี่ความจุ 6000mAh BlueVolt เทคโนโลยี Li-ion (ทนน้ำทนฝุ่นระดับมาตรฐานขั้นสูง IP5X, IPX8, IPX9, IPX9+)","fastCharge":"รองรับระบบชาร์จไวผ่านสาย 80W","os":"Funtouch OS 15 (พัฒนาบนพื้นฐาน Android 15)","connections":"พอร์ต USB-C 3.2 และรองรับการเชื่อมต่อไร้สายความเร็วสูง 5G (Dual SIM Dual Standby), Wi-Fi 7 และ Bluetooth 5.4","highlights":"นวัตกรรมจอพับขนาดใหญ่ที่บางเบาเป็นพิเศษ (หนาสุดเพียง 4.3 มม. ขณะกาง) พร้อมกล้องหลัง 50MP สามตัว แบตเตอรี่ BlueVolt 6000mAh และมาตรฐานกันน้ำกันฝุ่นระดับสูงสุด"}', 0, 0),
	(13, 'Vivo', 'V70 FE', '[{"storage":"12GB+256GB","color":"Muse Purple","stock":"10","price":"14999"},{"storage":"12GB+256GB","color":"Urban Silver","stock":"10","price":"14999"},{"storage":"12GB+256GB","color":"Ocean Blue","stock":"10","price":"14999"},{"storage":"8GB+256GB","color":"Muse Purple","stock":"10","price":"14499"},{"storage":"8GB+256GB","color":"Urban Silver","stock":"10","price":"14499"},{"storage":"8GB+256GB","color":"Ocean Blue","stock":"10","price":"14499"}]', '["https://asia-exstatic-vivofs.vivo.com/PSee2l50xoirPK7y/Picture_library/1775209704393/zip/img/pc1.jpg","https://asia-exstatic-vivofs.vivo.com/PSee2l50xoirPK7y/Picture_library/1775209704393/zip/img/pc2.jpg","https://asia-exstatic-vivofs.vivo.com/PSee2l50xoirPK7y/Picture_library/1775209704393/zip/img/pc3.jpg","https://asia-exstatic-vivofs.vivo.com/PSee2l50xoirPK7y/Picture_library/1775209704393/zip/img/pc4.jpg","https://asia-exstatic-vivofs.vivo.com/PSee2l50xoirPK7y/Picture_library/1775209704393/zip/img/pc5.jpg"]', '{"screenSize":"6.83 นิ้ว","screenType":"จอภาพ AMOLED (วัสดุเปล่งแสง Q10+ ความละเอียด 2800 × 1260 พิกเซล ขอบเขตสี P3 ความสว่างสูงสุดเฉพาะส่วน 5000 nits)","refreshRate":"120 Hz","chipset":"ชิป MediaTek Dimensity 7360-Turbo (กระบวนการผลิต 4 nm, GPU Mali-G615)","backCamera":"ระบบกล้องหลังคู่ (กล้องหลัก 200MP เซนเซอร์ S5KHP5SP05 f/1.88 พร้อมไฟเติมแสงออร่าโทนเดียว และกล้องมุมกว้าง Ultra Wide 8MP เซนเซอร์ GC08A8)","frontCamera":"32MP (เซนเซอร์ GC32E1-WA1XA)","batteryLife":"แบตเตอรี่ความจุสะใจ 7000 mAh BlueVolt เทคโนโลยี Li-ion (ทนน้ำทนฝุ่นระดับมาตรฐานคู่ IP68 & IP69)","fastCharge":"รองรับระบบชาร์จไวผ่านสาย 90W","os":"OriginOS 6 (พัฒนาบนพื้นฐาน Android 16)","connections":"พอร์ต USB-C 2.0 และรองรับการเชื่อมต่อไร้สาย 5G (Dual SIM Dual Standby), Wi-Fi 6 และ Bluetooth 5.4 (หมายเหตุ: ไม่รองรับ NFC)","highlights":"แบตเตอรี่มหึมา 7000 mAh ในดีไซน์บางเฉียบเพียง 7.59 มม. พร้อมกล้องหลักความละเอียดสูง 200MP และไฟวงแหวนออร่าพรีเมียม"}', 0, 0),
	(14, 'Vivo', 'V70', '[{"storage":"12GB+512GB","color":"Golden Hour","stock":"10","price":"23999"},{"storage":"12GB+512GB","color":"Alpine Gray","stock":"10","price":"23999"},{"storage":"12GB+512GB","color":"Authentic Black","stock":"10","price":"23999"},{"storage":"12GB+256GB","color":"Golden Hour","stock":"10","price":"19999"},{"storage":"12GB+256GB","color":"Alpine Gray","stock":"10","price":"19999"},{"storage":"12GB+256GB","color":"Authentic Black","stock":"10","price":"19999"},{"storage":"8GB+256GB","color":"Golden Hour","stock":"10","price":"17999"},{"storage":"8GB+256GB","color":"Alpine Gray","stock":"10","price":"17999"},{"storage":"8GB+256GB","color":"Authentic Black","stock":"10","price":"17999"}]', '["https://asia-exstatic-vivofs.vivo.com/PSee2l50xoirPK7y/Picture_library/1771916994679/zip/img/pc1.jpg","https://asia-exstatic-vivofs.vivo.com/PSee2l50xoirPK7y/Picture_library/1771916994679/zip/img/pc2.jpg","https://asia-exstatic-vivofs.vivo.com/PSee2l50xoirPK7y/Picture_library/1771916994679/zip/img/pc3.jpg","https://asia-exstatic-vivofs.vivo.com/PSee2l50xoirPK7y/Picture_library/1771916994679/zip/img/pc4.jpg","https://asia-exstatic-vivofs.vivo.com/PSee2l50xoirPK7y/Picture_library/1771916994679/zip/img/pc5.jpg"]', '{"screenSize":"6.59 นิ้ว","screenType":"จอภาพ AMOLED (วัสดุเปล่งแสง VM9 ความละเอียด 2750 × 1260 พิกเซล ขอบเขตสี P3 ความสว่างสูงสุดเฉพาะส่วน 5000 nits)","refreshRate":"120 Hz","chipset":"ชิป Snapdragon® 7 Gen 4 (กระบวนการผลิต 4 nm, GPU Adreno 722)","backCamera":"ระบบกล้องหลัง 3 ตัว (กล้องหลัก 50MP เซนเซอร์ LYT700V f/1.88 พร้อมไฟเติมแสงออร่าโทนเดียว, กล้องมุมกว้าง Ultra Wide 8MP เซนเซอร์ OV08F และกล้องซูม Telephoto 50MP เซนเซอร์ LYT600)","frontCamera":"50MP (เซนเซอร์ S5KJN1)","batteryLife":"แบตเตอรี่ความจุ 6500 mAh BlueVolt เทคโนโลยี Li-ion (ทนน้ำทนฝุ่นระดับมาตรฐานคู่ IP68 & IP69)","fastCharge":"รองรับระบบชาร์จไวผ่านสาย 90W","os":"OriginOS 6 (พัฒนาบนพื้นฐาน Android 16)","connections":"พอร์ต USB-C 2.0 และรองรับการเชื่อมต่อไร้สายความเร็วสูง 5G (Dual SIM Dual Standby), Wi-Fi 6, Bluetooth 5.4 และรองรับ NFC","highlights":"ชิปเซ็ต Snapdragon 7 Gen 4 แบตเตอรี่ใหญ่ 6500 mAh ในดีไซน์บางเฉียบเริ่มต้นเพียง 7.40 มม. พร้อมระบบกล้อง 3 ตัวที่มีเลนส์ซูม Telephoto 50MP และไฟวงแหวนออร่า"}', 0, 0),
	(15, 'Vivo', 'X200 FE', '[{"storage":"12GB+512GB","color":"Blue Breeze","stock":"10","price":"22499"},{"storage":"12GB+512GB","color":"Pink Vibe","stock":"10","price":"22499"},{"storage":"12GB+512GB","color":"Yellow Glow","stock":"10","price":"22499"},{"storage":"12GB+512GB","color":"Black Luxe","stock":"10","price":"22499"}]', '["https://asia-exstatic-vivofs.vivo.com/PSee2l50xoirPK7y/Picture_library/1751380462664/zip/img/pc1.jpg","https://asia-exstatic-vivofs.vivo.com/PSee2l50xoirPK7y/Picture_library/1751380462664/zip/img/pc2.jpg","https://asia-exstatic-vivofs.vivo.com/PSee2l50xoirPK7y/Picture_library/1751380462664/zip/img/pc3.jpg","https://asia-exstatic-vivofs.vivo.com/PSee2l50xoirPK7y/Picture_library/1751380462664/zip/img/pc4.jpg","https://asia-exstatic-vivofs.vivo.com/PSee2l50xoirPK7y/Picture_library/1751380462664/zip/img/pc5.jpg","https://asia-exstatic-vivofs.vivo.com/PSee2l50xoirPK7y/Picture_library/1751380462664/zip/img/pc6.jpg"]', '{"screenSize":"6.31 นิ้ว","screenType":"จอภาพ LTPO AMOLED (วัสดุเปล่งแสง U8 ความละเอียด 2640 × 1216 พิกเซล ขอบเขตสี P3 ความสว่างสูงสุดเฉพาะส่วน 5000 nits)","refreshRate":"LTPO Adaptive Refresh Rate (120/90/72/60Hz)","chipset":"ชิป MediaTek Dimensity 9300+ (กระบวนการผลิต 4 nm, GPU Immortalis-G720)","backCamera":"ระบบกล้องหลัง 3 ตัว (กล้องหลัก 50MP f/1.88, กล้องมุมกว้าง Ultra Wide 8MP f/2.2 และกล้องซูม Telephoto 50MP f/2.65 พร้อมแสงออร่าแบบสองโทน)","frontCamera":"50MP (f/2.0)","batteryLife":"แบตเตอรี่ความจุ 6500mAh BlueVolt เทคโนโลยี Li-ion (ทนน้ำทนฝุ่นระดับมาตรฐานคู่ IP68 & IP69)","fastCharge":"รองรับระบบชาร์จไวผ่านสาย 90W","os":"Funtouch OS 15 (พัฒนาบนพื้นฐาน Android 15)","connections":"พอร์ต USB-C 2.0 และรองรับการเชื่อมต่อไร้สายความเร็วสูง 5G (Dual SIM Dual Standby), Wi-Fi 7, Bluetooth 5.4 และรองรับ NFC","highlights":"ขุมพลังระดับเรือธง Dimensity 9300+ พร้อมหน้าจอพรีเมียม LTPO AMOLED ขนาดกะทัดรัด แบตเตอรี่อึดสะใจ 6500mAh ในตัวเครื่องบางเบา และมาตรฐานกันน้ำกันฝุ่นขั้นสูงสุด"}', 0, 0),
	(16, 'Vivo', 'X200', '[{"storage":"256GB","color":"Midnight Black","stock":"10","price":"29999"},{"storage":"256GB","color":"Ocean Blue","stock":"10","price":"29999"},{"storage":"256GB","color":"Aurora Green","stock":"10","price":"29999"}]', '["https://asia-exstatic-vivofs.vivo.com/PSee2l50xoirPK7y/Picture_library/1732517941702/zip/img/pc1.jpg","https://asia-exstatic-vivofs.vivo.com/PSee2l50xoirPK7y/Picture_library/1732517941702/zip/img/pc2.jpg","https://asia-exstatic-vivofs.vivo.com/PSee2l50xoirPK7y/Picture_library/1732517941702/zip/img/pc3.jpg","https://asia-exstatic-vivofs.vivo.com/PSee2l50xoirPK7y/Picture_library/1732517941702/zip/img/pc4.jpg","https://asia-exstatic-vivofs.vivo.com/PSee2l50xoirPK7y/Picture_library/1732517941702/zip/img/pc5.jpg"]', '{"screenSize":"6.67 นิ้ว","screenType":"จอภาพ AMOLED (วัสดุเปล่งแสง VM8 จาก Visionox ความละเอียด 2800 × 1260 พิกเซล ความหนาแน่นของพิกเซล 460 PPI ความสว่างสูงสุดเฉพาะส่วน 4500 nits)","refreshRate":"120 Hz","chipset":"ชิป MediaTek Dimensity 9400 (กระบวนการผลิต 3 nm, GPU Immortalis-G925)","backCamera":"ระบบกล้องโปร 3 ตัว (กล้องหลัก 50MP เซนเซอร์ IMX921 f/1.57, กล้องมุมกว้าง Ultra Wide 50MP เซนเซอร์ S5KJN1 และกล้องซูม Telephoto 50MP เซนเซอร์ LYT600 f/2.57)","frontCamera":"32MP (เซนเซอร์ S5KD1SP03 f/2.0)","batteryLife":"แบตเตอรี่ความจุ 5800mAh BlueVolt เทคโนโลยี Li-ion (ทนน้ำทนฝุ่นระดับมาตรฐานคู่ IP68 & IP69)","fastCharge":"รองรับระบบชาร์จไวผ่านสาย 90W","os":"Funtouch OS 15 (พัฒนาบนพื้นฐาน Android 15)","connections":"พอร์ต USB-C 2.0 และรองรับการเชื่อมต่อไร้สายความเร็วสูง 5G (Dual SIM Dual Standby), Wi-Fi 7, Bluetooth 5.4 และรองรับ NFC","highlights":"ชิปเซ็ตรุ่นเรือธง Dimensity 9400 ผสานระบบกล้องหลัง 3 ตัว 50MP ชิปเซ็ตประมวลผลกล้องขั้นสูง แบตเตอรี่ BlueVolt 5800mAh และมาตรฐานทนน้ำทนฝุ่นขั้นสูงสุด IP68 & IP69"}', 0, 0),
	(17, 'Vivo', 'X100 Pro', '[{"storage":"16GB+512GB","color":"Asteroid Black","stock":"10","price":"37999"}]', '["https://asia-exstatic-vivofs.vivo.com/PSee2l50xoirPK7y/Picture_library/1705043203752/zip/img/gallery-pc-img1.jpg","https://asia-exstatic-vivofs.vivo.com/PSee2l50xoirPK7y/Picture_library/1705043203752/zip/img/gallery-pc-img2.jpg","https://asia-exstatic-vivofs.vivo.com/PSee2l50xoirPK7y/Picture_library/1705043203752/zip/img/gallery-pc-img3.jpg"]', '{"screenSize":"6.78 นิ้ว","screenType":"จอภาพ AMOLED (วัสดุเปล่งแสง VM7 ความละเอียด 2800 x 1260 พิกเซล ขอบเขตสี 100% DCI-P3 ความสว่างสูงสุดเฉพาะส่วน 3000 nits)","refreshRate":"สูงสุด 120 Hz","chipset":"ชิป MediaTek Dimensity 9300","backCamera":"ระบบกล้องหลัง 3 ตัว (กล้องหลัก 50MP f/1.75, กล้องมุมกว้าง Ultra Wide 50MP f/2.0 และกล้องซูม Telephoto 50MP f/2.5)","frontCamera":"32MP (f/2.0)","batteryLife":"แบตเตอรี่แบบเซลล์คู่ ความจุเทียบเท่า 5400 mAh เทคโนโลยี Li-ion (ทนน้ำทนฝุ่นระดับมาตรฐาน IP68)","fastCharge":"รองรับระบบชาร์จไวผ่านสาย 100W และชาร์จไวแบบไร้สาย 50W","os":"Funtouch OS 14 (พัฒนาบนพื้นฐาน Android 14)","connections":"พอร์ต USB Type-C 3.2 Gen1 และรองรับการเชื่อมต่อไร้สายความเร็วสูง 5G (Dual SIM / รองรับ eSIM), Wi-Fi 7, Bluetooth 5.4 และรองรับ NFC","highlights":"ชิปเซ็ตเรือธง Dimensity 9300 ผสานระบบกล้องหลังระดับโปร 3 ตัวความละเอียด 50MP เท่ากันทุกเลนส์ พร้อมรองรับชาร์จไวมีสาย 100W ชาร์จไร้สาย 50W และชิปเสียงระบบ Hi-Fi"}', 0, 0),
	(18, 'Samsung', 'Galaxy S24 Ultra', '[{"storage":"1TB","color":"Titanium Gray","stock":"10","price":"62900"},{"storage":"1TB","color":"Titanium Black","stock":"10","price":"62900"},{"storage":"1TB","color":"Titanium Violet","stock":"10","price":"62900"},{"storage":"1TB","color":"Titanium Yellow","stock":"10","price":"62900"},{"storage":"512GB","color":"Titanium Gray","stock":"10","price":"52900"},{"storage":"512GB","color":"Titanium Black","stock":"10","price":"52900"},{"storage":"512GB","color":"Titanium Violet","stock":"10","price":"52900"},{"storage":"512GB","color":"Titanium Yellow","stock":"10","price":"52900"},{"storage":"256GB","color":"Titanium Gray","stock":"10","price":"46900"},{"storage":"256GB","color":"Titanium Black","stock":"10","price":"46900"},{"storage":"256GB","color":"Titanium Violet","stock":"10","price":"46900"},{"storage":"256GB","color":"Titanium Yellow","stock":"10","price":"46900"}]', '["https://media-cdn.bnn.in.th/363371/Samsung--Galaxy-S24-ULTRA--TITANIUM-5G-8-square_medium.jpg","https://media-cdn.bnn.in.th/363367/Samsung--Galaxy-S24-ULTRA--TITANIUM-5G-4-square_medium.jpg","https://media-cdn.bnn.in.th/363360/Samsung--Galaxy-S24-ULTRA-BLACK-5G-8-square_medium.jpg","https://media-cdn.bnn.in.th/363356/Samsung--Galaxy-S24-ULTRA-BLACK-5G-4-square_medium.jpg","https://media-cdn.bnn.in.th/363338/Samsung--Galaxy-S24-ULTRA-VIOLET-5G--8-square_medium.jpg","https://media-cdn.bnn.in.th/363334/Samsung--Galaxy-S24-ULTRA-VIOLET-5G--4-square_medium.jpg","https://media-cdn.bnn.in.th/363351/Samsung--Galaxy-S24-ULTRA-YELLOW-5G--8-square_medium.jpg","https://media-cdn.bnn.in.th/363348/Samsung--Galaxy-S24-ULTRA-YELLOW-5G--5-square_medium.jpg"]', '{"screenSize":"6.8 นิ้ว","screenType":"จอภาพ Dynamic AMOLED 2X, QHD+","refreshRate":"1-120 Hz","chipset":"Snapdragon 8 Gen 3 for Galaxy","backCamera":"กล้องหลัก 200MP, กล้อง Ultrawide 12MP, กล้อง Telephoto 50MP (ซูม 5x), กล้อง Telephoto 10MP (ซูม 3x)","frontCamera":"12MP","batteryLife":"5,000 mAh เล่นวิดีโอต่อเนื่องสูงสุด 30 ชั่วโมง","fastCharge":"รองรับชาร์จเร็ว 45W และชาร์จไร้สาย 15W","os":"One UI 6.1 (ทำงานบน Android 14)","connections":"USB Type-C, 5G, Wi-Fi 7, Bluetooth 5.3","highlights":"มาพร้อม Galaxy AI แบบจัดเต็ม เฟรมเครื่องไทเทเนียม และมีปากกา S Pen ในตัว"}', 0, 0),
	(19, 'Samsung', 'Galaxy S24 Ultra', '[{"storage":"1TB","color":"Titanium Gray","stock":"10","price":"62900"},{"storage":"1TB","color":"Titanium Black","stock":"10","price":"62900"},{"storage":"1TB","color":"Titanium Violet","stock":"10","price":"62900"},{"storage":"1TB","color":"Titanium Yellow","stock":"10","price":"62900"},{"storage":"512GB","color":"Titanium Gray","stock":"10","price":"52900"},{"storage":"512GB","color":"Titanium Black","stock":"10","price":"52900"},{"storage":"512GB","color":"Titanium Violet","stock":9,"price":"52900"},{"storage":"512GB","color":"Titanium Yellow","stock":"10","price":"52900"},{"storage":"256GB","color":"Titanium Gray","stock":"10","price":"46900"},{"storage":"256GB","color":"Titanium Black","stock":"10","price":"46900"},{"storage":"256GB","color":"Titanium Violet","stock":"10","price":"46900"},{"storage":"256GB","color":"Titanium Yellow","stock":"10","price":"46900"}]', '["https://media-cdn.bnn.in.th/363371/Samsung--Galaxy-S24-ULTRA--TITANIUM-5G-8-square_medium.jpg","https://media-cdn.bnn.in.th/363367/Samsung--Galaxy-S24-ULTRA--TITANIUM-5G-4-square_medium.jpg","https://media-cdn.bnn.in.th/363360/Samsung--Galaxy-S24-ULTRA-BLACK-5G-8-square_medium.jpg","https://media-cdn.bnn.in.th/363356/Samsung--Galaxy-S24-ULTRA-BLACK-5G-4-square_medium.jpg","https://media-cdn.bnn.in.th/363338/Samsung--Galaxy-S24-ULTRA-VIOLET-5G--8-square_medium.jpg","https://media-cdn.bnn.in.th/363334/Samsung--Galaxy-S24-ULTRA-VIOLET-5G--4-square_medium.jpg","https://media-cdn.bnn.in.th/363351/Samsung--Galaxy-S24-ULTRA-YELLOW-5G--8-square_medium.jpg","https://media-cdn.bnn.in.th/363348/Samsung--Galaxy-S24-ULTRA-YELLOW-5G--5-square_medium.jpg"]', '{"screenSize":"6.8 นิ้ว","screenType":"จอภาพ Dynamic AMOLED 2X, QHD+","refreshRate":"1-120 Hz","chipset":"Snapdragon 8 Gen 3 for Galaxy","backCamera":"กล้องหลัก 200MP, กล้อง Ultrawide 12MP, กล้อง Telephoto 50MP (ซูม 5x), กล้อง Telephoto 10MP (ซูม 3x)","frontCamera":"12MP","batteryLife":"5,000 mAh เล่นวิดีโอต่อเนื่องสูงสุด 30 ชั่วโมง","fastCharge":"รองรับชาร์จเร็ว 45W และชาร์จไร้สาย 15W","os":"One UI 6.1 (ทำงานบน Android 14)","connections":"USB Type-C, 5G, Wi-Fi 7, Bluetooth 5.3","highlights":"มาพร้อม Galaxy AI แบบจัดเต็ม เฟรมเครื่องไทเทเนียม และมีปากกา S Pen ในตัว"}', 2, 1),
	(20, 'Samsung', 'Galaxy Z Fold 6', '[{"storage":"1TB","color":"Silver Shadow","stock":"10","price":"68900"},{"storage":"1TB","color":"Navy","stock":"10","price":"68900"},{"storage":"1TB","color":"Pink","stock":"10","price":"68900"},{"storage":"512GB","color":"Silver Shadow","stock":"10","price":"63900"},{"storage":"512GB","color":"Navy","stock":"10","price":"63900"},{"storage":"512GB","color":"Pink","stock":"10","price":"63900"},{"storage":"256GB","color":"Silver Shadow","stock":"10","price":"59900"},{"storage":"256GB","color":"Navy","stock":"10","price":"59900"},{"storage":"256GB","color":"Pink","stock":"10","price":"59900"}]', '["https://images.samsung.com/is/image/samsung/p6pim/th/sm-f956bzsgthl/gallery/th-galaxy-z-fold6-f956-514165-sm-f956bzsgthl-542920232?imbypass=true","https://images.samsung.com/is/image/samsung/p6pim/th/sm-f956bzsgthl/gallery/th-galaxy-z-fold6-f956-514165-sm-f956bzsgthl-542920238?imbypass=true","https://images.samsung.com/is/image/samsung/p6pim/th/sm-f956bdbgthl/gallery/th-galaxy-z-fold6-f956-514165-sm-f956bdbgthl-542920106?imbypass=true","https://images.samsung.com/is/image/samsung/p6pim/th/sm-f956bdbgthl/gallery/th-galaxy-z-fold6-f956-514165-sm-f956bdbgthl-542920112?imbypass=true","https://images.samsung.com/is/image/samsung/p6pim/th/sm-f956bligthl/gallery/th-galaxy-z-fold6-f956-514165-sm-f956bligthl-542920169?imbypass=true","https://images.samsung.com/is/image/samsung/p6pim/th/sm-f956bligthl/gallery/th-galaxy-z-fold6-f956-514165-sm-f956bligthl-542920175?imbypass=true"]', '{"screenSize":"หน้าจอหลัก 7.6 นิ้ว / หน้าจอด้านนอก 6.3 นิ้ว","screenType":"จอภาพ Dynamic AMOLED 2X ทั้งจอด้านในและด้านนอก","refreshRate":"1-120 Hz แบบปรับได้อัตโนมัติ","chipset":"Snapdragon 8 Gen 3 for Galaxy","backCamera":"กล้องหลัก 50MP, กล้อง Ultrawide 12MP, กล้อง Telephoto 10MP (ซูม 3x)","frontCamera":"กล้องจอด้านนอก 10MP / กล้องใต้จอหลัก (UDC) 4MP","batteryLife":"4,400 mAh เล่นวิดีโอต่อเนื่องสูงสุด 23 ชั่วโมง","fastCharge":"รองรับชาร์จเร็ว 25W และชาร์จไร้สาย 15W","os":"One UI 6.1.1 (ทำงานบน Android 14)","connections":"USB Type-C 3.2, 5G, Wi-Fi 6E, Bluetooth 5.3","highlights":"สมาร์ตโฟนจอพับที่บางและเบาลงกว่ารุ่นก่อน มาพร้อม Galaxy AI เต็มรูปแบบ และรองรับ S Pen Fold Edition"}', 1, 0),
	(21, 'Samsung', 'Galaxy Z Flip 6', '[{"storage":"512GB","color":"Mint","stock":"10","price":"42900"},{"storage":"512GB","color":"Blue","stock":8,"price":"42900"},{"storage":"512GB","color":"Silver Shadow","stock":"10","price":"42900"},{"storage":"512GB","color":"Yellow","stock":"10","price":"42900"},{"storage":"256GB","color":"Mint","stock":"10","price":"38900"},{"storage":"256GB","color":"Blue","stock":"10","price":"38900"},{"storage":"256GB","color":"Silver Shadow","stock":"10","price":"38900"},{"storage":"256GB","color":"Yellow","stock":"10","price":"38900"}]', '["https://images.samsung.com/is/image/samsung/p6pim/th/sm-f741blgathl/gallery/th-galaxy-zflip6-f741-513544-sm-f741blgathl-542920448?imbypass=true","https://images.samsung.com/is/image/samsung/p6pim/th/sm-f741blgathl/gallery/th-galaxy-zflip6-f741-513544-sm-f741blgathl-542920451?imbypass=true","https://images.samsung.com/is/image/samsung/p6pim/th/sm-f741blbathl/gallery/th-galaxy-zflip6-f741-513544-sm-f741blbathl-542920405?imbypass=true","https://images.samsung.com/is/image/samsung/p6pim/th/sm-f741blbathl/gallery/th-galaxy-zflip6-f741-513544-sm-f741blbathl-542920398?imbypass=true","https://images.samsung.com/is/image/samsung/p6pim/th/sm-f741bzsathl/gallery/th-galaxy-zflip6-f741-513544-sm-f741bzsathl-542920542?imbypass=true","https://images.samsung.com/is/image/samsung/p6pim/th/sm-f741bzsathl/gallery/th-galaxy-zflip6-f741-513544-sm-f741bzsathl-542920545?imbypass=true","https://images.samsung.com/is/image/samsung/p6pim/th/sm-f741bzyathl/gallery/th-galaxy-zflip6-f741-513544-sm-f741bzyathl-542920666?imbypass=true","https://images.samsung.com/is/image/samsung/p6pim/th/sm-f741bzyathl/gallery/th-galaxy-zflip6-f741-513544-sm-f741bzyathl-542920669?imbypass=true"]', '{"screenSize":"หน้าจอหลัก 6.7 นิ้ว / หน้าจอด้านนอก 3.4 นิ้ว","screenType":"จอภาพ Dynamic AMOLED 2X (จอหลัก) / Super AMOLED (จอด้านนอก)","refreshRate":"1-120 Hz (จอหลัก) / 60Hz (จอด้านนอก)","chipset":"Snapdragon 8 Gen 3 for Galaxy","backCamera":"กล้องหลัก 50MP, กล้อง Ultrawide 12MP","frontCamera":"10MP","batteryLife":"4,000 mAh","fastCharge":"รองรับชาร์จเร็ว 25W และชาร์จไร้สาย 15W","os":"One UI 6.1.1 (ทำงานบน Android 14)","connections":"USB Type-C 3.2, 5G, Wi-Fi 6E, Bluetooth 5.3","highlights":"มือถือฝาพับสายแฟชั่น กล้องหลักอัปเกรดเป็น 50MP พร้อม Galaxy AI และ FlexCam ถ่ายรูปสะดวกไม่ต้องง้อขาตั้งกล้อง"}', 3, 2),
	(22, 'Samsung', 'Galaxy S24', '[{"storage":"512GB","color":"Onyx Black","stock":"10","price":"37900"},{"storage":"512GB","color":"Marble Gray","stock":"10","price":"37900"},{"storage":"512GB","color":"Cobalt Violet","stock":"10","price":"37900"},{"storage":"512GB","color":"Amber Yellow","stock":"10","price":"37900"},{"storage":"256GB","color":"Onyx Black","stock":"10","price":"33900"},{"storage":"256GB","color":"Marble Gray","stock":"10","price":"33900"},{"storage":"256GB","color":"Cobalt Violet","stock":"10","price":"33900"},{"storage":"256GB","color":"Amber Yellow","stock":"10","price":"33900"}]', '["https://media-cdn.bnn.in.th/363098/Samsung-Galaxy-S24-5G-Black-7-square_medium.jpg","https://media-cdn.bnn.in.th/363093/Samsung-Galaxy-S24-5G-Black-2-square_medium.jpg","https://media-cdn.bnn.in.th/363141/Samsung-Galaxy-S24-5G-Gray-7-square_medium.jpg","https://media-cdn.bnn.in.th/363136/Samsung-Galaxy-S24-5G-Gray-2-square_medium.jpg","https://media-cdn.bnn.in.th/363185/Samsung-Galaxy-S24-5G-Violet-7-square_medium.jpg","https://media-cdn.bnn.in.th/363180/Samsung-Galaxy-S24-5G-Violet-2-square_medium.jpg","https://media-cdn.bnn.in.th/363197/Samsung-Galaxy-S24-5G-Yellow-7-square_medium.jpg","https://media-cdn.bnn.in.th/363192/Samsung-Galaxy-S24-5G-Yellow-2-square_medium.jpg"]', '{"screenSize":"6.2 นิ้ว","screenType":"จอภาพ Dynamic AMOLED 2X, FHD+","refreshRate":"1-120 Hz","chipset":"Exynos 2400","backCamera":"กล้องหลัก 50MP, กล้อง Ultrawide 12MP, กล้อง Telephoto 10MP (ซูม 3x)","frontCamera":"12MP","batteryLife":"4,000 mAh เล่นวิดีโอต่อเนื่องสูงสุด 29 ชั่วโมง","fastCharge":"รองรับชาร์จเร็ว 25W และชาร์จไร้สาย 15W","os":"One UI 6.1 (ทำงานบน Android 14)","connections":"USB Type-C, 5G, Wi-Fi 6E, Bluetooth 5.3","highlights":"ดีไซน์กะทัดรัดพกพาง่าย อัปเกรดแบตเตอรี่อึดขึ้น พร้อมฟีเจอร์ Galaxy AI ครบครัน"}', 0, 0),
	(23, 'Samsung', 'Galaxy A55 5G', '[{"storage":"256GB","color":"Awesome Iceblue","stock":"10","price":"15999"},{"storage":"256GB","color":"Awesome Lilac","stock":"10","price":"15999"},{"storage":"256GB","color":"Awesome Navy","stock":"10","price":"15999"},{"storage":"128GB","color":"Awesome Iceblue","stock":"10","price":"13999"},{"storage":"128GB","color":"Awesome Lilac","stock":"10","price":"13999"},{"storage":"128GB","color":"Awesome Navy","stock":"10","price":"13999"}]', '["https://images.samsung.com/is/image/samsung/p6pim/th/sm-a556elbathl/gallery/th-galaxy-a55-5g-sm-a556-sm-a556elbathl-540162700?$1164_776_PNG$","https://images.samsung.com/is/image/samsung/p6pim/th/sm-a556elbathl/gallery/th-galaxy-a55-5g-sm-a556-sm-a556elbathl-540162689?$Q90_1368_1094_F_JPG$","https://images.samsung.com/is/image/samsung/p6pim/th/sm-a556elvathl/gallery/th-galaxy-a55-5g-sm-a556-sm-a556elvathl-540162814?$1164_776_PNG$","https://images.samsung.com/is/image/samsung/p6pim/th/sm-a556elvathl/gallery/th-galaxy-a55-5g-sm-a556-sm-a556elvathl-540162800?$Q90_1368_1094_F_JPG$","https://images.samsung.com/is/image/samsung/p6pim/th/sm-a556ezkathl/gallery/th-galaxy-a55-5g-sm-a556-sm-a556ezkathl-540162895?$1164_776_PNG$","https://images.samsung.com/is/image/samsung/p6pim/th/sm-a556ezkathl/gallery/th-galaxy-a55-5g-sm-a556-sm-a556ezkathl-540162881?$Q90_1368_1094_F_JPG$"]', '{"screenSize":"6.6 นิ้ว","screenType":"จอภาพ Super AMOLED, FHD+","refreshRate":"120 Hz","chipset":"Exynos 1480","backCamera":"กล้องหลัก 50MP, กล้อง Ultrawide 12MP, กล้อง Macro 5MP","frontCamera":"32MP","batteryLife":"5,000 mAh ใช้งานได้ยาวนานสูงสุด 2 วัน","fastCharge":"รองรับชาร์จเร็ว Super Fast Charging 25W","os":"One UI 6.1 (ทำงานบน Android 14)","connections":"USB Type-C, 5G, Wi-Fi 6, Bluetooth 5.3","highlights":"ดีไซน์พรีเมียมด้วยขอบเครื่องอลูมิเนียม (Metal Frame) กันน้ำกันฝุ่นมาตรฐาน IP67 และมาพร้อมระบบรักษาความปลอดภัยระดับฮาร์ดแวร์ Samsung Knox Vault"}', 1, 0),
	(24, 'Samsung', 'Galaxy S24 FE', '[{"storage":"256GB","color":"Graphite","stock":"10","price":"25900"},{"storage":"256GB","color":"Blue","stock":"10","price":"25900"},{"storage":"256GB","color":"Mint","stock":"10","price":"25900"},{"storage":"128GB","color":"Graphite","stock":"10","price":"22900"},{"storage":"128GB","color":"Blue","stock":"10","price":"22900"},{"storage":"128GB","color":"Mint","stock":"10","price":"22900"}]', '["https://images.samsung.com/is/image/samsung/p6pim/th/sm-s721bzkcthl/gallery/th-galaxy-s24-fe-s721-sm-s721bzkcthl-543607544?imbypass=true","https://images.samsung.com/is/image/samsung/p6pim/th/sm-s721bzkcthl/gallery/th-galaxy-s24-fe-s721-sm-s721bzkcthl-543607529?imbypass=true","https://images.samsung.com/is/image/samsung/p6pim/th/sm-s721blbcthl/gallery/th-galaxy-s24-fe-s721-sm-s721blbcthl-543607468?imbypass=true","https://images.samsung.com/is/image/samsung/p6pim/th/sm-s721blbcthl/gallery/th-galaxy-s24-fe-s721-sm-s721blbcthl-543607451?imbypass=true","https://images.samsung.com/is/image/samsung/p6pim/th/sm-s721blgcthl/gallery/th-galaxy-s24-fe-s721-sm-s721blgcthl-543607506?imbypass=true","https://images.samsung.com/is/image/samsung/p6pim/th/sm-s721blgcthl/gallery/th-galaxy-s24-fe-s721-sm-s721blgcthl-543607492?imbypass=true"]', '{"screenSize":"6.7 นิ้ว","screenType":"จอภาพ Dynamic AMOLED 2X, FHD+","refreshRate":"120 Hz","chipset":"Exynos 2400e","backCamera":"กล้องหลัก 50MP, กล้อง Ultrawide 12MP, กล้อง Telephoto 8MP (ซูม 3x)","frontCamera":"10MP","batteryLife":"4,700 mAh รองรับการเล่นวิดีโอต่อเนื่องสูงสุด 28 ชั่วโมง","fastCharge":"รองรับชาร์จเร็ว 25W และชาร์จไร้สาย 15W","os":"One UI 6.1 (ทำงานบน Android 14)","connections":"USB Type-C, 5G, Wi-Fi 6E, Bluetooth 5.3","highlights":"ดีไซน์พรีเมียม ถ่ายภาพสวยคมชัดด้วย ProVisual Engine และรองรับฟีเจอร์ Galaxy AI ครบครันในราคาเข้าถึงง่าย"}', 0, 0),
	(25, 'Samsung', 'Galaxy A35 5G', '[{"storage":"256GB","color":"Awesome Navy","stock":"10","price":"12999"},{"storage":"256GB","color":"Awesome Lilac","stock":"10","price":"12999"},{"storage":"256GB","color":"Awesome Iceblue","stock":"10","price":"12999"},{"storage":"128GB","color":"Awesome Navy","stock":"10","price":"11999"},{"storage":"128GB","color":"Awesome Lilac","stock":"10","price":"11999"},{"storage":"128GB","color":"Awesome Iceblue","stock":"10","price":"11999"}]', '["https://images.samsung.com/is/image/samsung/p6pim/th/sm-a356elbdthl/gallery/th-galaxy-a35-5g-sm-a356-sm-a356elbdthl-540163309?$Q90_2052_1641_JPG$","https://images.samsung.com/is/image/samsung/p6pim/th/sm-a356elbdthl/gallery/th-galaxy-a35-5g-sm-a356-sm-a356elbdthl-540163295?$Q90_2052_1641_JPG$","https://images.samsung.com/is/image/samsung/p6pim/th/sm-a356ezkdthl/gallery/th-galaxy-a35-5g-sm-a356-sm-a356ezkdthl-540163396?$1164_776_PNG$","https://images.samsung.com/is/image/samsung/p6pim/th/sm-a356ezkdthl/gallery/th-galaxy-a35-5g-sm-a356-sm-a356ezkdthl-540163382?$Q90_1368_1094_F_JPG$","https://images.samsung.com/is/image/samsung/p6pim/th/sm-a356elvdthl/gallery/th-galaxy-a35-5g-sm-a356-sm-a356elvdthl-540163377?$1164_776_PNG$","https://images.samsung.com/is/image/samsung/p6pim/th/sm-a356elvdthl/gallery/th-galaxy-a35-5g-sm-a356-sm-a356elvdthl-540163363?$Q90_1368_1094_F_JPG$"]', '{"screenSize":"6.6 นิ้ว","screenType":"จอภาพ Super AMOLED, FHD+","refreshRate":"120 Hz","chipset":"Exynos 1380","backCamera":"กล้องหลัก 50MP, กล้อง Ultrawide 8MP, กล้อง Macro 5MP","frontCamera":"13MP","batteryLife":"5,000 mAh","fastCharge":"รองรับชาร์จเร็ว 25W","os":"One UI 6.1 (ทำงานบน Android 14)","connections":"USB Type-C, 5G, Wi-Fi 6, Bluetooth 5.3","highlights":"อัปเกรดวัสดุฝาหลังเป็นกระจกสุดพรีเมียม ดีไซน์ Key Island จับถนัดมือ ถ่ายวิดีโอ 4K ได้นิ่งและคมชัด พร้อมกันน้ำกันฝุ่น IP67"}', 0, 0),
	(26, 'Samsung', 'Galaxy A15 5G', '[{"storage":"256GB","color":"Blue Black","stock":"10","price":"8999"},{"storage":"256GB","color":"Light Blue","stock":"10","price":"8999"},{"storage":"256GB","color":"Yellow","stock":"10","price":"8999"},{"storage":"128GB","color":"Blue Black","stock":"10","price":"7999"},{"storage":"128GB","color":"Light Blue","stock":"10","price":"7999"},{"storage":"128GB","color":"Yellow","stock":"10","price":"7999"}]', '["https://images.samsung.com/is/image/samsung/p6pim/levant/sm-a156ezkdmea/gallery/levant-galaxy-a15-5g-sm-a156-491221-sm-a156ezkdmea-539884793?$Q90_1368_1094_F_JPG$","https://images.samsung.com/is/image/samsung/p6pim/levant/sm-a156ezkdmea/gallery/levant-galaxy-a15-5g-sm-a156-491221-sm-a156ezkdmea-539884779?$Q90_1368_1094_F_JPG$","https://images.samsung.com/is/image/samsung/p6pim/levant/sm-a156elbhmea/gallery/levant-galaxy-a15-5g-sm-a156-sm-a156elbhmea-539450021?$1164_776_PNG$","https://images.samsung.com/is/image/samsung/p6pim/levant/sm-a156elbhmea/gallery/levant-galaxy-a15-5g-sm-a156-sm-a156elbhmea-539450007?$Q90_1368_1094_F_JPG$","https://images.samsung.com/is/image/samsung/p6pim/levant/sm-a156ezydmea/gallery/levant-galaxy-a15-5g-sm-a156-491221-sm-a156ezydmea-540083828?$1164_776_PNG$","https://images.samsung.com/is/image/samsung/p6pim/levant/sm-a156ezydmea/gallery/levant-galaxy-a15-5g-sm-a156-491221-sm-a156ezydmea-540083814?$Q90_2052_1641_JPG$"]', '{"screenSize":"6.5 นิ้ว","screenType":"จอภาพ Super AMOLED, FHD+","refreshRate":"90 Hz","chipset":"MediaTek Dimensity 6100+","backCamera":"กล้องหลัก 50MP, กล้อง Ultrawide 5MP, กล้อง Macro 2MP","frontCamera":"13MP","batteryLife":"5,000 mAh ใช้งานได้ยาวนานข้ามวัน","fastCharge":"รองรับชาร์จเร็ว 25W","os":"One UI 6.0 (ทำงานบน Android 14) การันตีอัปเดต OS 4 เวอร์ชัน","connections":"USB Type-C, 5G, Wi-Fi 5, Bluetooth 5.3, มีช่องเสียบหูฟัง 3.5 มม.","highlights":"สมาร์ตโฟน 5G ราคาประหยัดสุดคุ้ม ได้จอ Super AMOLED สีสันสดใส และรองรับการอัปเดตซอฟต์แวร์ยาวนานเทียบเท่ารุ่นเรือธง"}', 0, 0),
	(27, 'Samsung', 'Galaxy M55 5G', '[{"storage":"256GB","color":"Dark Blue","stock":"10","price":"13999"},{"storage":"256GB","color":"Light Green","stock":"10","price":"13999"}]', '["https://images.samsung.com/is/image/samsung/p6pim/in/sm-m556bzkains/gallery/in-galaxy-m55-5g-sm-m556-sm-m556bzkains-541574609?$Q90_1368_1094_F_JPG$","https://images.samsung.com/is/image/samsung/p6pim/in/sm-m556bzkains/gallery/in-galaxy-m55-5g-sm-m556-sm-m556bzkains-541574613?$Q90_1368_1094_F_JPG$","https://images.samsung.com/is/image/samsung/p6pim/in/sm-m556bzkains/gallery/in-galaxy-m55-5g-sm-m556-sm-m556bzkains-541574685?$Q90_1368_1094_F_JPG$","https://images.samsung.com/is/image/samsung/p6pim/in/sm-m556blgains/gallery/in-galaxy-m55-5g-sm-m556-sm-m556blgains-541574403?$1164_776_PNG$","https://images.samsung.com/is/image/samsung/p6pim/in/sm-m556blgains/gallery/in-galaxy-m55-5g-sm-m556-sm-m556blgains-541574434?$Q90_1368_1094_F_JPG$","https://images.samsung.com/is/image/samsung/p6pim/in/sm-m556blgains/gallery/in-galaxy-m55-5g-sm-m556-sm-m556blgains-541574757?$Q90_1368_1094_F_JPG$"]', '{"screenSize":"6.7 นิ้ว","screenType":"จอภาพ Super AMOLED+, FHD+","refreshRate":"120 Hz","chipset":"Snapdragon 7 Gen 1","backCamera":"กล้องหลัก 50MP (OIS), กล้อง Ultrawide 8MP, กล้อง Macro 2MP","frontCamera":"50MP","batteryLife":"5,000 mAh","fastCharge":"รองรับชาร์จเร็ว Super Fast Charging 45W","os":"One UI 6.1 (ทำงานบน Android 14)","connections":"USB Type-C, 5G, Wi-Fi 6, Bluetooth 5.2","highlights":"โดดเด่นด้วยกล้องหน้าความละเอียดสูงถึง 50MP เอาใจสายเซลฟี่และ VLOG ตัวเครื่องมีความบางเบา และรองรับชาร์จไวถึง 45W เทียบเท่ารุ่นเรือธง"}', 1, 0),
	(28, 'Samsung', 'Galaxy Z Fold5 Thom Browne Edition', '[{"storage":"512GB","color":"Thom Browne Signature","stock":"2","price":"114000"}]', '["https://media-cdn.bnn.in.th/329467/Samsung-Smartphone-Galaxy-Z-Fold5-12%2b512GB-THOM-BROWNE-EDITION-4-square_medium.jpg","https://media-cdn.bnn.in.th/329459/Samsung-Smartphone-Galaxy-Z-Fold5-12%2b512GB-THOM-BROWNE-EDITION-11-square_medium.jpg","https://media-cdn.bnn.in.th/329468/Samsung-Smartphone-Galaxy-Z-Fold5-12%2b512GB-THOM-BROWNE-EDITION-3-square_medium.jpg","https://media-cdn.bnn.in.th/329460/Samsung-Smartphone-Galaxy-Z-Fold5-12%2b512GB-THOM-BROWNE-EDITION-10-square_medium.jpg","https://media-cdn.bnn.in.th/329470/Samsung-Smartphone-Galaxy-Z-Fold5-12%2b512GB-THOM-BROWNE-EDITION-1-square_medium.jpg"]', '{"screenSize":"หน้าจอหลัก 7.6 นิ้ว / หน้าจอด้านนอก 6.2 นิ้ว","screenType":"Dynamic AMOLED 2X ทั้งจอด้านในและด้านนอก","refreshRate":"1-120 Hz","chipset":"Snapdragon 8 Gen 2 for Galaxy","backCamera":"กล้องหลัก 50MP, กล้อง Ultrawide 12MP, กล้อง Telephoto 10MP","frontCamera":"กล้องจอด้านนอก 10MP / กล้องใต้จอหลัก 4MP","batteryLife":"4,400 mAh","fastCharge":"รองรับชาร์จเร็ว 25W และชาร์จไร้สาย 15W","os":"One UI (อัปเดตเป็นเวอร์ชันล่าสุดได้)","connections":"USB Type-C, 5G, Wi-Fi 6E, Bluetooth 5.3","highlights":"เริ่ดและหรูหราขั้นสุด! รุ่นลิมิเต็ดอิดิชันที่คอลแลปส์กับ Thom Browne แบรนด์แฟชั่นระดับโลก มาพร้อม Boxset กระเป๋าเอกสารสุดพรีเมียม นาฬิกา Galaxy Watch 6 เคสหนัง และ S Pen ที่ออกแบบมาเข้าชุดกันแบบเอ็กซ์คลูซีฟ"}', 0, 0),
	(29, 'Apple', 'iPhone Air', '[{"storage":"1TB","color":"Space Black","stock":"10","price":"46500"},{"storage":"1TB","color":"Cloud White","stock":"10","price":"46500"},{"storage":"1TB","color":"Light Gold","stock":"10","price":"46500"},{"storage":"1TB","color":"Light Gold","stock":"10","price":"46500"},{"storage":"512GB","color":"Space Black","stock":"10","price":"38500"},{"storage":"512GB","color":"Cloud White","stock":"10","price":"38500"},{"storage":"512GB","color":"Light Gold","stock":"10","price":"38500"},{"storage":"512GB","color":"Sky Blue","stock":"10","price":"38500"},{"storage":"256GB","color":"Space Black","stock":"10","price":"29900"},{"storage":"256GB","color":"Cloud White","stock":"10","price":"29900"},{"storage":"256GB","color":"Light Gold","stock":"10","price":"29900"},{"storage":"256GB","color":"Sky Blue","stock":"10","price":"29900"}]', '["https://media-cdn.bnn.in.th/533304/iPhone_Air_Space_Black_01-thumbnail.jpg","https://media-cdn.bnn.in.th/533305/iPhone_Air_Space_Black_2-square_medium.jpg","https://media-cdn.bnn.in.th/533306/iPhone_Air_Space_Black_3-square_medium.jpg","https://media-cdn.bnn.in.th/533307/iPhone_Air_Space_Black_4-square_medium.jpg"]', '{"screenSize":"6.5 นิ้ว","screenType":"จอภาพ Super Retina XDR (เทคโนโลยี LTPO OLED พร้อม ProMotion 120Hz)","refreshRate":"120 Hz (Adaptive Refresh Rate)","chipset":"ชิป A19 Pro","backCamera":"กล้อง Fusion 48MP (รองรับการซูมด้วยเซนเซอร์ 2x)","frontCamera":"18MP พร้อมรองรับฟังก์ชัน Center Stage","batteryLife":"แบตเตอรี่ความจุ 3149mAh (ใช้งานได้ยาวนานตลอดวันในระดับที่ใกล้เคียงกับ iPhone 16 Plus)","fastCharge":"รองรับชาร์จเร็วผ่านสายสูงสุด 25W และ MagSafe/Qi2 wireless สูงสุด 25W","os":"iOS 26 (เริ่มต้น) ปัจจุบันอัปเดตได้ถึง iOS 26.5.x","connections":"พอร์ต USB-C และรองรับ 5G, Wi-Fi 7 และ Bluetooth 5.4","highlights":"ดีไซน์บางเฉียบที่สุดเท่าที่เคยมีมา (5.64 มม.) น้ำหนักเบาเพียง 165 กรัม"}', 0, 0),
	(30, 'Apple', 'iPhone 17', '[{"storage":"512GB","color":"Black","stock":"10","price":"37500"},{"storage":"512GB","color":"White","stock":"10","price":"37500"},{"storage":"512GB","color":"Mist Blue","stock":"10","price":"37500"},{"storage":"512GB","color":"Lavender","stock":9,"price":"37500"},{"storage":"512GB","color":"Sage","stock":"10","price":"37500"},{"storage":"256GB","color":"Black","stock":"10","price":"29500"},{"storage":"256GB","color":"White","stock":"10","price":"29500"},{"storage":"256GB","color":"Mist Blue","stock":"10","price":"29500"},{"storage":"256GB","color":"Lavender","stock":"10","price":"29500"},{"storage":"256GB","color":"Sage","stock":"10","price":"29500"}]', '["https://media-cdn.bnn.in.th/533218/iPhone_17_Lavender_-01-square_medium.jpg","https://media-cdn.bnn.in.th/533219/iPhone_17_Lavender_1-square_medium.jpg","https://media-cdn.bnn.in.th/533220/iPhone_17_Lavender_2-square_medium.jpg","https://media-cdn.bnn.in.th/533221/iPhone_17_Lavender_3-square_medium.jpg"]', '{"screenSize":"6.3 นิ้ว","screenType":"จอภาพ Super Retina XDR (เทคโนโลยี OLED พร้อม ProMotion 120Hz)","refreshRate":"120 Hz (Adaptive Refresh Rate)","chipset":"ชิป A19","backCamera":"ระบบกล้อง Fusion คู่ 48MP (กล้องหลัก 48MP และกล้องอัลตร้าไวด์ 48MP)","frontCamera":"18MP พร้อมรองรับฟังก์ชัน Center Stage","batteryLife":"ใช้งานวิดีโอต่อเนื่องได้ยาวนานสูงสุด (อ้างอิงตามมาตรฐาน Apple)","fastCharge":"รองรับระบบชาร์จเร็ว และ MagSafe/Qi2","os":"iOS 26","connections":"พอร์ต USB-C, 5G, Wi-Fi 7 และ Bluetooth 6.0","highlights":"มาพร้อม Dynamic Island, ชิป A19 ที่ประมวลผล Apple Intelligence ได้อย่างมีประสิทธิภาพ"}', 1, 1),
	(31, 'Apple', 'iPhone 17e', '[{"storage":"512GB","color":"Black","stock":"10","price":"30900"},{"storage":"512GB","color":"White","stock":"10","price":"30900"},{"storage":"512GB","color":"Soft Pink","stock":"10","price":"30900"},{"storage":"256GB","color":"Black","stock":"10","price":"22900"},{"storage":"256GB","color":"White","stock":"10","price":"22900"},{"storage":"256GB","color":"Soft Pink","stock":"10","price":"22900"}]', '["https://media-cdn.bnn.in.th/580469/iPhone_17e_Soft_Pink_1-square_medium.jpg","https://media-cdn.bnn.in.th/580475/iPhone_17e_Soft_Pink_2-square_medium.jpg","https://media-cdn.bnn.in.th/580476/iPhone_17e_Soft_Pink_3-square_medium.jpg","https://media-cdn.bnn.in.th/580470/iPhone_17e_Soft_Pink_4-square_medium.jpg"]', '{"screenSize":"6.1 นิ้ว","screenType":"จอภาพ Super Retina XDR (เทคโนโลยี OLED)","refreshRate":"60 Hz","chipset":"ชิป A19","backCamera":"ระบบกล้อง Fusion เดี่ยว 48MP","frontCamera":"12MP พร้อมรองรับฟังก์ชัน Center Stage","batteryLife":"ใช้งานวิดีโอต่อเนื่องได้ยาวนานตลอดวันตามมาตรฐาน Apple","fastCharge":"รองรับระบบชาร์จเร็ว และ MagSafe/Qi2","os":"iOS 26","connections":"พอร์ต USB-C, 5G, Wi-Fi 7 และ Bluetooth 6.0","highlights":"ดีไซน์กะทัดรัด, ชิป A19 ประสิทธิภาพสูงรองรับ Apple Intelligence, ราคาเข้าถึงง่าย"}', 0, 0),
	(32, 'Apple', 'iPhone 16 Plus', '[{"storage":"128GB","color":"Black","stock":"10","price":"29900"},{"storage":"128GB","color":"White","stock":"10","price":"29900"},{"storage":"128GB","color":"Pink","stock":"10","price":"29900"},{"storage":"128GB","color":"Teal","stock":"10","price":"29900"},{"storage":"128GB","color":"Ultramarine","stock":"10","price":"29900"},{"storage":"256GB","color":"Black","stock":"10","price":"33900"},{"storage":"256GB","color":"White","stock":"10","price":"33900"},{"storage":"256GB","color":"Pink","stock":"10","price":"33900"},{"storage":"256GB","color":"Teal","stock":"10","price":"33900"},{"storage":"256GB","color":"Ultramarine","stock":"10","price":"33900"},{"storage":"512GB","color":"Black","stock":"10","price":"41900"},{"storage":"512GB","color":"White","stock":"10","price":"41900"},{"storage":"512GB","color":"Pink","stock":"10","price":"41900"},{"storage":"512GB","color":"Teal","stock":"10","price":"41900"},{"storage":"512GB","color":"Ultramarine","stock":"10","price":"41900"}]', '["https://media-cdn.bnn.in.th/426891/iPhone_16_Plus_Teal_1-square_medium.jpg","https://media-cdn.bnn.in.th/426892/iPhone_16_Plus_Teal_2-square_medium.jpg","https://media-cdn.bnn.in.th/426893/iPhone_16_Plus_Teal_3-square_medium.jpg","https://media-cdn.bnn.in.th/426894/iPhone_16_Plus_Teal_4-square_medium.jpg","https://media-cdn.bnn.in.th/426895/iPhone_16_Plus_Teal_5-square_medium.jpg"]', '{"screenSize":"6.7 นิ้ว","screenType":"จอภาพ Super Retina XDR (OLED)","refreshRate":"60Hz","chipset":"ชิป A18","backCamera":"กล้อง Fusion 48MP และอัลตราไวด์ 12MP","frontCamera":"12MP TrueDepth","batteryLife":"เล่นวิดีโอได้นานสูงสุด 27 ชั่วโมง","fastCharge":"รองรับชาร์จเร็วผ่านสายสูงสุด 25W และ MagSafe/Qi2 wireless สูงสุด 25W","os":"iOS 18","connections":"พอร์ต USB-C, 5G, Wi-Fi 7 และ Bluetooth 5.3","highlights":"ปุ่ม Camera Control, ปุ่ม Action, รองรับ Apple Intelligence"}', 0, 0),
	(33, 'Apple', 'iPhone 16e', '[{"storage":"128GB","color":"Black","stock":"10","price":"20900"},{"storage":"128GB","color":"White","stock":"10","price":"20900"},{"storage":"256GB","color":"Black","stock":"10","price":"24900"},{"storage":"256GB","color":"White","stock":"10","price":"24900"},{"storage":"512GB","color":"Black","stock":"10","price":"32900"},{"storage":"512GB","color":"White","stock":"10","price":"32900"}]', '["https://media-cdn.bnn.in.th/470246/iPhone_16e_White_1-square_medium.jpg","https://media-cdn.bnn.in.th/470247/iPhone_16e_White_2-square_medium.jpg","https://media-cdn.bnn.in.th/470248/iPhone_16e_White_4-square_medium.jpg","https://media-cdn.bnn.in.th/470249/iPhone_16e_White_5-square_medium.jpg"]', '{"screenSize":"6.1 นิ้ว","screenType":"จอภาพ Super Retina XDR (OLED)","refreshRate":"60Hz","chipset":"ชิป A18","backCamera":"กล้อง Fusion 48MP","frontCamera":"12MP TrueDepth","batteryLife":"ใช้งานได้ยาวนานตลอดวัน","fastCharge":"รองรับชาร์จเร็วผ่านสายและ MagSafe/Qi2 wireless","os":"iOS 18","connections":"พอร์ต USB-C, 5G, Wi-Fi 7 และ Bluetooth 5.3","highlights":"ออกแบบมาเพื่อ Apple Intelligence, ประสิทธิภาพระดับเรือธงในราคาสุดคุ้ม"}', 0, 0),
	(34, 'Apple', 'iPhone 15', '[{"storage":"128GB","color":"Black","stock":"10","price":"23500"},{"storage":"128GB","color":"Blue","stock":"10","price":"23500"},{"storage":"128GB","color":"Green","stock":"10","price":"23500"},{"storage":"128GB","color":"Yellow","stock":"10","price":"23500"},{"storage":"128GB","color":"Pink","stock":"10","price":"23500"},{"storage":"256GB","color":"Black","stock":"10","price":"27500"},{"storage":"256GB","color":"Blue","stock":"10","price":"27500"},{"storage":"256GB","color":"Green","stock":"10","price":"27500"},{"storage":"256GB","color":"Yellow","stock":"10","price":"27500"},{"storage":"256GB","color":"Pink","stock":"10","price":"27500"},{"storage":"512GB","color":"Black","stock":"10","price":"35500"},{"storage":"512GB","color":"Blue","stock":"10","price":"35500"},{"storage":"512GB","color":"Green","stock":"10","price":"35500"},{"storage":"512GB","color":"Yellow","stock":"10","price":"35500"},{"storage":"512GB","color":"Pink","stock":"10","price":"35500"}]', '["https://media.studio7thailand.com/153358/iPhone_15_Black.png","https://media.studio7thailand.com/150826/TH-iPhone-15-Black-PDP-Image-Position-1B-Black-Color-square_medium.jpg","https://media.studio7thailand.com/150827/TH-iPhone-15-Black-PDP-Image-Position-2-Black-Color-square_medium.jpg","https://media.studio7thailand.com/150828/TH-iPhone-15-Black-PDP-Image-Position-3-Black-Color-square_medium.jpg"]', '{"screenSize":"6.1 นิ้ว","screenType":"จอภาพ Super Retina XDR (OLED)","refreshRate":"60Hz","chipset":"ชิป A16 Bionic","backCamera":"กล้อง Fusion 48MP และอัลตราไวด์ 12MP","frontCamera":"12MP TrueDepth","batteryLife":"ใช้งานได้ยาวนานตลอดวัน","fastCharge":"รองรับชาร์จเร็วผ่านสายและ MagSafe/Qi2 wireless","os":"iOS 17 (อัปเดตได้ถึงเวอร์ชันปัจจุบัน)","connections":"พอร์ต USB-C, 5G, Wi-Fi 6 และ Bluetooth 5.3","highlights":"Dynamic Island, ดีไซน์กระจกแต่งสีด้านหลัง"}', 0, 0),
	(35, 'Apple', 'iPhone 15 Plus', '[{"storage":"128GB","color":"Black","stock":"10","price":"28000"},{"storage":"128GB","color":"Blue","stock":"10","price":"28000"},{"storage":"128GB","color":"Green","stock":"10","price":"28000"},{"storage":"128GB","color":"Yellow","stock":"10","price":"28000"},{"storage":"128GB","color":"Pink","stock":"10","price":"28000"},{"storage":"256GB","color":"Black","stock":"10","price":"33900"},{"storage":"256GB","color":"Blue","stock":"10","price":"33900"},{"storage":"256GB","color":"Green","stock":"10","price":"33900"},{"storage":"256GB","color":"Yellow","stock":"10","price":"33900"},{"storage":"256GB","color":"Pink","stock":"10","price":"33900"},{"storage":"512GB","color":"Black","stock":"10","price":"41900"},{"storage":"512GB","color":"Blue","stock":"10","price":"41900"},{"storage":"512GB","color":"Green","stock":"10","price":"41900"},{"storage":"512GB","color":"Yellow","stock":"10","price":"41900"},{"storage":"512GB","color":"Pink","stock":"10","price":"41900"}]', '["https://media.studio7thailand.com/153354/iPhone_15_Plus_Blue.png","https://media.studio7thailand.com/151033/-iPhone-15-Plus-Blue-Image-Position-2-Blue-Color-square_medium.jpg","https://media.studio7thailand.com/151034/-iPhone-15-Plus-Blue-Image-Position-3-Blue-Color-square_medium.jpg","https://media.studio7thailand.com/151035/-iPhone-15-Plus-Blue-Image-Position-4-Blue-Color-square_medium.jpg"]', '{"screenSize":"6.7 นิ้ว","screenType":"จอภาพ Super Retina XDR (OLED)","refreshRate":"60Hz","chipset":"ชิป A16 Bionic","backCamera":"กล้อง Fusion 48MP และอัลตราไวด์ 12MP","frontCamera":"12MP TrueDepth","batteryLife":"ใช้งานได้ยาวนานเป็นพิเศษ","fastCharge":"รองรับชาร์จเร็วผ่านสายและ MagSafe/Qi2 wireless","os":"iOS 17 (อัปเดตได้ถึงเวอร์ชันปัจจุบัน)","connections":"พอร์ต USB-C, 5G, Wi-Fi 6 และ Bluetooth 5.3","highlights":"จอใหญ่ 6.7 นิ้ว, Dynamic Island, แบตเตอรี่อึด"}', 0, 0),
	(36, 'Apple', 'iPhone 14', '[{"storage":"128GB","color":"Midnight","stock":"10","price":"19900"},{"storage":"128GB","color":"Starlight","stock":"10","price":"19900"},{"storage":"128GB","color":"Blue","stock":"10","price":"19900"},{"storage":"128GB","color":"Purple","stock":"10","price":"19900"},{"storage":"128GB","color":"Yellow","stock":"10","price":"19900"},{"storage":"256GB","color":"Midnight","stock":"10","price":"22900"},{"storage":"256GB","color":"Starlight","stock":"10","price":"22900"},{"storage":"256GB","color":"Blue","stock":"10","price":"22900"},{"storage":"256GB","color":"Purple","stock":"10","price":"22900"},{"storage":"256GB","color":"Yellow","stock":"10","price":"22900"},{"storage":"512GB","color":"Midnight","stock":"10","price":"29900"},{"storage":"512GB","color":"Starlight","stock":"10","price":"29900"},{"storage":"512GB","color":"Blue","stock":"10","price":"29900"},{"storage":"512GB","color":"Purple","stock":"10","price":"29900"},{"storage":"512GB","color":"Yellow","stock":"10","price":"29900"}]', '["https://media.studio7thailand.com/153205/iPhone_14_Blue.png","https://media.studio7thailand.com/150817/iPhone_14_Blue_PDP_Image_Position-1-square_medium.jpg","https://media.studio7thailand.com/150818/iPhone_14_Blue_PDP_Image_Position-2-square_medium.jpg","https://media.studio7thailand.com/150819/iPhone_14_Blue_PDP_Image_Position-3-square_medium.jpg"]', '{"screenSize":"6.1 นิ้ว","screenType":"จอภาพ Super Retina XDR (OLED)","refreshRate":"60Hz","chipset":"ชิป A15 Bionic","backCamera":"กล้องคู่ 12MP (หลักและอัลตราไวด์)","frontCamera":"12MP TrueDepth พร้อมออโต้โฟกัส","batteryLife":"ใช้งานได้ยาวนานตลอดวัน","fastCharge":"รองรับชาร์จเร็วผ่านสายและ MagSafe","os":"iOS 16 (อัปเดตได้ถึงเวอร์ชันปัจจุบัน)","connections":"พอร์ต Lightning, 5G, Wi-Fi 6 และ Bluetooth 5.3","highlights":"ระบบตรวจจับการชนกัน (Crash Detection), คุณสมบัติวิดีโอโหมดแอ็คชั่น"}', 0, 0),
	(37, 'Apple', 'iPhone 14 Pro Max', '[{"storage":"128GB","color":"Space Black","stock":"10","price":"34900"},{"storage":"128GB","color":"Silver","stock":"10","price":"34900"},{"storage":"128GB","color":"Gold","stock":"10","price":"34900"},{"storage":"128GB","color":"Deep Purple","stock":"10","price":"34900"},{"storage":"256GB","color":"Space Black","stock":"10","price":"38900"},{"storage":"256GB","color":"Silver","stock":"10","price":"38900"},{"storage":"256GB","color":"Gold","stock":"10","price":"38900"},{"storage":"256GB","color":"Deep Purple","stock":"10","price":"38900"},{"storage":"512GB","color":"Space Black","stock":"10","price":"46900"},{"storage":"512GB","color":"Silver","stock":"10","price":"46900"},{"storage":"512GB","color":"Gold","stock":"10","price":"46900"},{"storage":"512GB","color":"Deep Purple","stock":"10","price":"46900"},{"storage":"1TB","color":"Space Black","stock":"10","price":"54900"},{"storage":"1TB","color":"Silver","stock":"10","price":"54900"},{"storage":"1TB","color":"Gold","stock":"10","price":"54900"},{"storage":"1TB","color":"Deep Purple","stock":"10","price":"54900"}]', '["https://media-cdn.bnn.in.th/234782/iPhone_14_Pro_Max_Space_Black_PDP_Image_Position-1A_Space_Black_1-square_medium.jpg","https://media-cdn.bnn.in.th/234783/iPhone_14_Pro_Max_Space_Black_PDP_Image_Position-1A_Space_Black_2-square_medium.jpg","https://media-cdn.bnn.in.th/234784/iPhone_14_Pro_Max_Space_Black_PDP_Image_Position-1A_Space_Black_3-square_medium.jpg","https://media-cdn.bnn.in.th/234785/iPhone_14_Pro_Max_Space_Black_PDP_Image_Position-1A_Space_Black_4-square_medium.jpg","https://media-cdn.bnn.in.th/234786/iPhone_14_Pro_Max_Space_Black_PDP_Image_Position-1A_Space_Black_5-square_medium.jpg"]', '{"screenSize":"6.7 นิ้ว","screenType":"จอภาพ Super Retina XDR (ProMotion 120Hz)","refreshRate":"120Hz (ProMotion)","chipset":"ชิป A16 Bionic","backCamera":"กล้องหลัก 48MP, อัลตราไวด์ 12MP, เทเลโฟโต้ 12MP","frontCamera":"12MP TrueDepth","batteryLife":"ใช้งานได้ยาวนานตลอดวัน","fastCharge":"รองรับชาร์จเร็วผ่านสายและ MagSafe","os":"iOS 16 (อัปเดตได้ถึงเวอร์ชันปัจจุบัน)","connections":"พอร์ต Lightning, 5G, Wi-Fi 6, Bluetooth 5.3","highlights":"Dynamic Island, จอภาพติดตลอด (Always-On)"}', 0, 0),
	(38, 'Apple', 'iPhone 13', '[{"storage":"128GB","color":"Midnight","stock":"10","price":"16900"},{"storage":"128GB","color":"Starlight","stock":"10","price":"16900"},{"storage":"128GB","color":"Blue","stock":"10","price":"16900"},{"storage":"128GB","color":"Pink","stock":"10","price":"16900"},{"storage":"128GB","color":"Green","stock":"10","price":"16900"},{"storage":"128GB","color":"(PRODUCT)RED","stock":"10","price":"16900"},{"storage":"256GB","color":"Midnight","stock":"10","price":"19900"},{"storage":"256GB","color":"Starlight","stock":"10","price":"19900"},{"storage":"256GB","color":"Blue","stock":"10","price":"19900"},{"storage":"256GB","color":"Pink","stock":"10","price":"19900"},{"storage":"256GB","color":"Green","stock":"10","price":"19900"},{"storage":"256GB","color":"(PRODUCT)RED","stock":"10","price":"19900"},{"storage":"512GB","color":"Midnight","stock":"10","price":"26900"},{"storage":"512GB","color":"Starlight","stock":"10","price":"26900"},{"storage":"512GB","color":"Blue","stock":"10","price":"26900"},{"storage":"512GB","color":"Pink","stock":"10","price":"26900"},{"storage":"512GB","color":"Green","stock":"10","price":"26900"},{"storage":"512GB","color":"(PRODUCT)RED","stock":"10","price":"26900"}]', '["https://media-cdn.bnn.in.th/140359/iPhone_13_PDP_Position-1A_Color_Starlight__1-square_medium.jpg","https://media-cdn.bnn.in.th/140360/iPhone_13_PDP_Position-1A_Color_Starlight__2-square_medium.jpg","https://media-cdn.bnn.in.th/140361/iPhone_13_PDP_Position-1A_Color_Starlight__3-square_medium.jpg","https://media-cdn.bnn.in.th/140362/iPhone_13_PDP_Position-1A_Color_Starlight__4-square_medium.jpg","https://media-cdn.bnn.in.th/140364/iPhone_13_PDP_Position-1A_Color_Starlight__5-square_medium.jpg"]', '{"screenSize":"6.1 นิ้ว","screenType":"จอภาพ Super Retina XDR (OLED)","refreshRate":"60Hz","chipset":"ชิป A15 Bionic","backCamera":"กล้องคู่ 12MP (หลักและอัลตราไวด์)","frontCamera":"12MP TrueDepth","batteryLife":"ใช้งานได้ยาวนานตลอดวัน","fastCharge":"รองรับชาร์จเร็วผ่านสายและ MagSafe","os":"iOS 15 (อัปเดตได้ถึงเวอร์ชันปัจจุบัน)","connections":"พอร์ต Lightning, 5G, Wi-Fi 6 และ Bluetooth 5.0","highlights":"ระบบกล้องคู่ที่ล้ำสมัย, โหมดภาพยนตร์ (Cinematic Mode)"}', 0, 0),
	(39, 'OPPO', 'Find X5 Pro 5G', '[{"storage":"256GB","color":"Ceramic White","stock":"10","price":"39990"},{"storage":"256GB","color":"Glaze Black","stock":"10","price":"39990"}]', '["https://m.media-amazon.com/images/I/61riTWhix3L._AC_SL1200_.jpg","https://m.media-amazon.com/images/I/61l8N4Y2q5L._AC_SL1200_.jpg","https://m.media-amazon.com/images/I/41Qv2B+UOVL._AC_SL1200_.jpg","https://m.media-amazon.com/images/I/51u+fobS5NL._AC_SL1500_.jpg","https://m.media-amazon.com/images/I/71CRZQoISBL._AC_SL1500_.jpg"]', '{"screenSize":"6.7 นิ้ว","screenType":"LTPO AMOLED, 1 พันล้านสี, HDR10+","refreshRate":"120 Hz","chipset":"Snapdragon 8 Gen 1","backCamera":"กล้องหลัก 50MP (OIS), กล้อง Ultrawide 50MP, กล้อง Telephoto 13MP (ซูม 2x)","frontCamera":"32MP","batteryLife":"5,000 mAh","fastCharge":"รองรับชาร์จไว 80W SUPERVOOC และชาร์จไร้สาย 50W AIRVOOC","os":"ColorOS 12.1 (ทำงานบน Android 12)","connections":"USB Type-C, 5G, Wi-Fi 6, Bluetooth 5.2","highlights":"สมาร์ตโฟนตระกูลเรือธงระดับสูงสุด (Find X Series) โดดเด่นด้วยดีไซน์เซรามิกหรูหรา และกล้องที่พัฒนาร่วมกับ Hasselblad พร้อมชิปประมวลผลภาพ MariSilicon X"}', 0, 0),
	(40, 'OPPO', 'Find N3', '[{"storage":"512GB","color":"Classic Black","stock":"10","price":"69990"},{"storage":"512GB","color":"Champagne Gold","stock":"10","price":"69990"}]', '["https://www.oppo.com/content/dam/oppo/product-asset-library/find/find-n3-series/global/find-n3-en/v1/assets/images-design-design-part5-color1-pic1-1.jpg.webp","https://www.oppo.com/content/dam/oppo/product-asset-library/find/find-n3-series/global/find-n3-en/v1/assets/images-design-design-part5-color1-pic2-1.jpg.webp","https://www.oppo.com/content/dam/oppo/product-asset-library/find/find-n3-series/global/find-n3-en/v1/assets/images-design-design-part5-color2-pic1-1.jpg.webp","https://www.oppo.com/content/dam/oppo/product-asset-library/find/find-n3-series/global/find-n3-en/v1/assets/images-design-design-part5-color2-pic2-1.jpg.webp"]', '{"screenSize":"หน้าจอหลัก 7.82 นิ้ว / หน้าจอด้านนอก 6.31 นิ้ว","screenType":"OLED แบบพับได้พร้อม LTPO3","refreshRate":"1-120 Hz","chipset":"Snapdragon 8 Gen 2","backCamera":"กล้องหลัก 48MP (OIS), กล้อง Ultrawide 48MP, กล้อง Telephoto Periscope 64MP","frontCamera":"กล้องหน้าจอหลัก 20MP / กล้องหน้าจอด้านนอก 32MP","batteryLife":"4,805 mAh","fastCharge":"รองรับชาร์จไว 67W SUPERVOOC","os":"ColorOS 13.2 (ทำงานบน Android 13)","connections":"USB Type-C, 5G, Wi-Fi 7, Bluetooth 5.3","highlights":"ตระกูลจอพับพรีเมียม (Find N Series) ที่บางเบา กล้องเทพจาก Hasselblad และระบบมัลติทาสกิ้งทรงพลัง"}', 0, 0),
	(41, 'OPPO', 'Find N3 Flip', '[{"storage":"256GB","color":"Sleek Black","stock":"10","price":"34990"},{"storage":"256GB","color":"Cream Gold","stock":"10","price":"34990"}]', '["https://www.oppo.com/content/dam/oppo/product-asset-library/find/find-n3-series/global/findn3-flip-en/v1/assets/images-switch-phone-2-1-90.png.webp","https://www.oppo.com/content/dam/oppo/product-asset-library/find/find-n3-series/global/findn3-flip-en/v1/assets/images-switch-img-2-1-90.jpg.webp","https://www.oppo.com/content/dam/oppo/product-asset-library/find/find-n3-series/global/findn3-flip-en/v1/assets/images-switch-phone-2-1-90.png.webp","https://www.oppo.com/content/dam/oppo/product-asset-library/find/find-n3-series/global/findn3-flip-en/v1/assets/images-switch-img-2-1-90.jpg.webp"]', '{"screenSize":"หน้าจอหลัก 6.8 นิ้ว / หน้าจอด้านนอก 3.26 นิ้ว","screenType":"AMOLED แบบพับได้ / จอด้านนอก AMOLED แนวตั้ง","refreshRate":"120 Hz (จอหลัก) / 60Hz (จอด้านนอก)","chipset":"MediaTek Dimensity 9200","backCamera":"กล้องหลัก 50MP, กล้อง Ultrawide 48MP, กล้อง Portrait 32MP","frontCamera":"32MP","batteryLife":"4,300 mAh","fastCharge":"รองรับชาร์จไว 44W SUPERVOOC","os":"ColorOS 13.2 (ทำงานบน Android 13)","connections":"USB Type-C, 5G, Wi-Fi 7, Bluetooth 5.3","highlights":"ตระกูลฝาพับแฟชั่น (Find N Flip Series) หน้าจอด้านนอกใช้งานแอปได้หลากหลาย และเป็นรุ่นแรกในตลาดที่มีกล้องหลัง 3 ตัว"}', 0, 0),
	(42, 'OPPO', 'Reno12 Pro 5G', '[{"storage":"512GB","color":"Nebula Silver","stock":"10","price":"19999"},{"storage":"512GB","color":"Space Brown","stock":"10","price":"19999"}]', '["https://www.oppo.com/content/dam/oppo/product-asset-library/reno/reno12-series/en/reno12-pro/assets/images-pack-1937_5473-1.jpg.avif","https://www.oppo.com/content/dam/oppo/product-asset-library/reno/reno12-series/en/reno12-pro/assets/images-pack-1937_5499-1.jpg.avif","https://www.oppo.com/content/dam/oppo/product-asset-library/reno/reno12-series/en/reno12-pro/assets/images-pack-1937_5473-1.jpg.avif","https://www.oppo.com/content/dam/oppo/product-asset-library/reno/reno12-series/en/reno12-pro/assets/images-pack-1937_5499-1.jpg.avif"]', '{"screenSize":"6.7 นิ้ว","screenType":"AMOLED โค้ง 4 ด้าน (Quad-Curved Display)","refreshRate":"120 Hz","chipset":"MediaTek Dimensity 7300-Energy","backCamera":"กล้องหลัก 50MP, กล้อง Ultrawide 8MP, กล้อง Telephoto 50MP","frontCamera":"50MP","batteryLife":"5,000 mAh","fastCharge":"รองรับชาร์จไว 80W SUPERVOOC","os":"ColorOS 14.1 (ทำงานบน Android 14)","connections":"USB Type-C, 5G, Wi-Fi 6, Bluetooth 5.4","highlights":"ตระกูลถ่ายคนสวย (Reno Series) ตัวท็อป เน้นฟีเจอร์ AI Portrait และการลบคนด้วย AI อัจฉริยะ"}', 0, 0),
	(43, 'OPPO', 'Reno11 5G', '[{"storage":"256GB","color":"Wave Green","stock":"10","price":"14990"},{"storage":"256GB","color":"Rock Grey","stock":"10","price":"14990"}]', '["https://konfulononline.com/image/catalog/J%20MEY/OPPO%20RENO%2011%205G/OPPO%20RENO%2011%205G%20(9).jpg","https://konfulononline.com/image/catalog/J%20MEY/OPPO%20RENO%2011%205G/OPPO%20RENO%2011%205G%20(8).jpg","https://konfulononline.com/image/cache/catalog/J%20MEY/OPPO%20RENO%2011%205G/OPPO%20RENO%2011%205G%20(2)-800x800.jpg"]', '{"screenSize":"6.7 นิ้ว","screenType":"AMOLED ขอบโค้ง 3D","refreshRate":"120 Hz","chipset":"MediaTek Dimensity 7050","backCamera":"กล้องหลัก 50MP, กล้อง Ultrawide 8MP, กล้อง Telephoto 32MP","frontCamera":"32MP","batteryLife":"5,000 mAh","fastCharge":"รองรับชาร์จไว 67W SUPERVOOC","os":"ColorOS 14.0 (ทำงานบน Android 14)","connections":"USB Type-C, 5G, Wi-Fi 6, Bluetooth 5.3","highlights":"ตระกูล Reno รุ่นมาตรฐานที่ยังคงโดดเด่นเรื่องกล้อง Telephoto สำหรับถ่ายภาพบุคคลโดยเฉพาะ ดีไซน์ฝาหลังสวยงามสะดุดตา"}', 0, 0),
	(44, 'OPPO', 'F21 Pro 5G', '[{"storage":"128GB","color":"Rainbow Spectrum","stock":"10","price":"10990"}]', '["https://opsg-img-cdn-gl.heytapimg.com/epb/202207/07/pQBXp3SmRYIWsIcy.png?x-amz-process=image/format,webp/quality,Q_80","https://opsg-img-cdn-gl.heytapimg.com/epb/202206/09/pTmRm6kanvWoN8Ub.png?x-amz-process=image/format,webp/quality,Q_80"]', '{"screenSize":"6.43 นิ้ว","screenType":"AMOLED, FHD+","refreshRate":"60 Hz","chipset":"Snapdragon 695 5G","backCamera":"กล้องหลัก 64MP, กล้อง Depth 2MP, กล้อง Macro 2MP","frontCamera":"16MP","batteryLife":"4,500 mAh","fastCharge":"รองรับชาร์จไว 33W SUPERVOOC","os":"ColorOS 12 (ทำงานบน Android 11)","connections":"USB Type-C, 5G, Wi-Fi 5, Bluetooth 5.1","highlights":"ตระกูลเซลฟี่ในตำนาน (F Series) มีวงแหวนไฟแจ้งเตือนรอบเลนส์กล้อง (Dual Orbit Lights) และดีไซน์ฝาหลังแบบ Fiberglass-Leather"}', 0, 0),
	(45, 'OPPO', 'K10 5G', '[{"storage":"128GB","color":"Ocean Blue","stock":"10","price":"9999"},{"storage":"128GB","color":"Midnight Black","stock":"10","price":"9999"}]', '["https://www.oppo.com/content/dam/oppo/common/mkt/v2-2/k10-5g/navigation/K10_navigation_427x600-blue.png","https://cdn.kalvo.com/uploads/img/large/oppo-k10-5g.jpg"]', '{"screenSize":"6.56 นิ้ว","screenType":"IPS LCD, HD+","refreshRate":"90 Hz","chipset":"MediaTek Dimensity 810","backCamera":"กล้องหลัก 48MP, กล้อง Depth 2MP","frontCamera":"8MP","batteryLife":"5,000 mAh","fastCharge":"รองรับชาร์จไว 33W SUPERVOOC","os":"ColorOS 12.1 (ทำงานบน Android 12)","connections":"USB Type-C, 5G, Wi-Fi 5, Bluetooth 5.3, ลำโพงคู่สเตอริโอ","highlights":"ตระกูลเน้นความคุ้มค่า (K Series) สเปคตอบโจทย์เกมเมอร์ระดับเริ่มต้นและผู้ที่ต้องการสมาร์ตโฟน 5G ในราคาที่เข้าถึงง่าย"}', 0, 0),
	(46, 'OPPO', 'A98 5G', '[{"storage":"256GB","color":"Dreamy Blue","stock":"10","price":"10990"},{"storage":"256GB","color":"Cool Black","stock":"10","price":"10990"}]', '["https://media-cdn.bnn.in.th/337376/OPPO-A98--1-square_medium.jpg","https://media-cdn.bnn.in.th/337378/OPPO-A98--3-square_medium.jpg","https://media-cdn.bnn.in.th/301432/OPPO-Smartphone-A98-8%2b256-Cool-Black-1-square_medium.jpg","https://media-cdn.bnn.in.th/301433/OPPO-Smartphone-A98-8%2b256-Cool-Black-2-square_medium.jpg"]', '{"screenSize":"6.72 นิ้ว","screenType":"IPS LCD, FHD+","refreshRate":"120 Hz","chipset":"Snapdragon 695 5G","backCamera":"กล้องหลัก 64MP, กล้อง Depth 2MP, กล้อง Microlens 2MP (ซูม 40x)","frontCamera":"32MP","batteryLife":"5,000 mAh","fastCharge":"รองรับชาร์จไว 67W SUPERVOOC","os":"ColorOS 13.1 (ทำงานบน Android 13)","connections":"USB Type-C, 5G, Wi-Fi 5, Bluetooth 5.1","highlights":"ตระกูลระดับเริ่มต้นถึงกลาง (A Series) รุ่นท็อปสุดของซีรีส์ ได้กล้องไมโครเลนส์สำหรับถ่ายภาพเจาะลึก และหน้าจอไหลลื่น 120Hz"}', 0, 0),
	(47, 'OPPO', 'A60', '[{"storage":"256GB","color":"Ripple Blue","stock":"10","price":"6999"},{"storage":"256GB","color":"Midnight Purple","stock":"10","price":"6999"}]', '["https://media-cdn.bnn.in.th/392946/OPPO-Smartphone-A60-Ripple-Blue--1-square_medium.jpg","https://media-cdn.bnn.in.th/392948/OPPO-Smartphone-A60-Ripple-Blue--3-square_medium.jpg","https://media-cdn.bnn.in.th/392953/OPPO-Smartphone-A60-Midnight-Purple--1-square_medium.jpg","https://media-cdn.bnn.in.th/392955/OPPO-Smartphone-A60-Midnight-Purple--3-square_medium.jpg"]', '{"screenSize":"6.67 นิ้ว","screenType":"LCD พร้อมฟังก์ชัน Splash Touch","refreshRate":"90 Hz","chipset":"Snapdragon 680","backCamera":"กล้องหลัก 50MP, กล้อง Depth 2MP","frontCamera":"8MP","batteryLife":"5,000 mAh","fastCharge":"รองรับชาร์จไว 45W SUPERVOOC","os":"ColorOS 14.0.1 (ทำงานบน Android 14)","connections":"USB Type-C, 4G LTE, Wi-Fi 5, Bluetooth 5.0","highlights":"ตระกูล A ที่เน้นความแข็งแกร่งเป็นพิเศษ ผ่านมาตรฐานความทนทานระดับทหาร หน้าจอทัชสกรีนได้แม้ตอนเปียกน้ำ"}', 0, 0),
	(48, 'OPPO', 'A18', '[{"storage":"128GB","color":"Glowing Blue","stock":"10","price":"4499"},{"storage":"128GB","color":"Glowing Black","stock":"10","price":"4499"}]', '["https://media-cdn.bnn.in.th/340709/Glowing-Blue--1-square_medium.jpg","https://media-cdn.bnn.in.th/340711/Glowing-Blue--3-square_medium.jpg","https://media-cdn.bnn.in.th/340587/OPPO-A18--Glowing-Black--1-square_medium.jpg","https://media-cdn.bnn.in.th/340589/OPPO-A18--Glowing-Black--3-square_medium.jpg"]', '{"screenSize":"6.56 นิ้ว","screenType":"IPS LCD, HD+","refreshRate":"90 Hz","chipset":"MediaTek Helio G85","backCamera":"กล้องหลัก 8MP, กล้อง Depth 2MP","frontCamera":"5MP","batteryLife":"5,000 mAh","fastCharge":"ชาร์จมาตรฐาน 10W","os":"ColorOS 13.1 (ทำงานบน Android 13)","connections":"USB Type-C, 4G LTE, Wi-Fi 5, Bluetooth 5.3","highlights":"น้องเล็กสายประหยัดจากตระกูล A Series ดีไซน์สวยงาม แบตเตอรี่อึดใช้งานได้ยาวนานตลอดวัน เหมาะสำหรับการใช้งานทั่วไป"}', 0, 0),
	(49, 'Xiaomi', 'Xiaomi 13T', '[{"storage":"8GB + 256GB","color":"Black","stock":"10","price":"12990"},{"storage":"8GB + 256GB","color":"Meadow Green","stock":"10","price":"12990"},{"storage":"8GB + 256GB","color":"Alpine Blue","stock":"10","price":"12990"},{"storage":"12GB + 256GB","color":"Black","stock":"10","price":"14990"},{"storage":"12GB + 256GB","color":"Meadow Green","stock":"10","price":"14990"},{"storage":"12GB + 256GB","color":"Alpine Blue","stock":"10","price":"14990"}]', '["https://media-cdn.bnn.in.th/338755/Xiaomi-13T--Alpine-Blue--5-square_medium.jpg","https://media-cdn.bnn.in.th/338076/Xiaomi-13T--Alpine-Blue--4-square_medium.jpg","https://media-cdn.bnn.in.th/338075/Xiaomi-13T--Alpine-Blue--3-square_medium.jpg","https://media-cdn.bnn.in.th/338074/Xiaomi-13T--Alpine-Blue--2-square_medium.jpg"]', '{"screenSize":"6.67 นิ้ว","screenType":"AMOLED (CrystalRes)","refreshRate":"144Hz","chipset":"MediaTek Dimensity 8200-Ultra","backCamera":"กล้อง Leica 3 เลนส์ (หลัก 50MP OIS + Telephoto 50MP + Ultra-wide 12MP)","frontCamera":"20MP","batteryLife":"5000mAh","fastCharge":"รองรับชาร์จไว 67W Turbo Charging","os":"MIUI 14 (อัปเกรดเป็น HyperOS ได้)","connections":"USB-C, 5G, Wi-Fi 6, Bluetooth 5.4, NFC","highlights":"หน้าจอไหลลื่น 144Hz, ประสิทธิภาพที่สมดุล, ระบบกล้องร่วมกับ Leica"}', 0, 0),
	(50, 'Xiaomi', 'Xiaomi 17T', '[{"storage":"256GB","color":"Alpine Blue","stock":"10","price":"19990"},{"storage":"256GB","color":"Midnight Black","stock":"10","price":"19990"},{"storage":"256GB","color":"Meadow Green","stock":"10","price":"19990"},{"storage":"512GB","color":"Alpine Blue","stock":"10","price":"22990"},{"storage":"512GB","color":"Midnight Black","stock":"10","price":"22990"},{"storage":"512GB","color":"Meadow Green","stock":"10","price":"22990"}]', '["https://media-cdn.bnn.in.th/602342/xiaomi-smartphone-17t-12512-opal-white-5g-06-square_medium.jpg","https://media-cdn.bnn.in.th/602340/xiaomi-smartphone-17t-12512-opal-white-5g-04-square_medium.jpg","https://media-cdn.bnn.in.th/602339/xiaomi-smartphone-17t-12512-opal-white-5g-03-square_medium.jpg","https://media-cdn.bnn.in.th/602343/xiaomi-smartphone-17t-12512-opal-white-5g-07-square_medium.jpg","https://media-cdn.bnn.in.th/602345/xiaomi-smartphone-17t-12512-opal-white-5g-09-square_medium.jpg"]', '{"screenSize":"6.67 นิ้ว","screenType":"AMOLED CrystalRes Display","refreshRate":"144Hz","chipset":"MediaTek Dimensity 9400","backCamera":"กล้องหลัก 50MP + Telephoto 50MP + Ultra-wide 12MP","frontCamera":"20MP","batteryLife":"5000mAh","fastCharge":"รองรับชาร์จไว 120W HyperCharge","os":"Xiaomi HyperOS 2","connections":"USB-C, 5G, Wi-Fi 7, Bluetooth 5.4, NFC","highlights":"ระบบกล้องที่พัฒนาร่วมกับ Leica, ประสิทธิภาพระดับเรือธงในราคาคุ้มค่า"}', 0, 0),
	(51, 'Xiaomi', 'Xiaomi 17T Pro', '[{"storage":"256GB","color":"Alpine Blue","stock":"10","price":"23990"},{"storage":"256GB","color":"Midnight Black","stock":"10","price":"23990"},{"storage":"256GB","color":"Meadow Green","stock":"10","price":"23990"},{"storage":"512GB","color":"Alpine Blue","stock":"10","price":"26990"},{"storage":"512GB","color":"Midnight Black","stock":"10","price":"26990"},{"storage":"512GB","color":"Meadow Green","stock":"10","price":"26990"},{"storage":"1TB","color":"Alpine Blue","stock":"10","price":"30990"},{"storage":"1TB","color":"Midnight Black","stock":"10","price":"30990"},{"storage":"1TB","color":"Meadow Green","stock":"10","price":"30990"}]', '["https://media-cdn.bnn.in.th/602372/xiaomi-smartphone-17t-pro-12512-deep-blue-5g-07-square_medium.jpg","https://media-cdn.bnn.in.th/602368/xiaomi-smartphone-17t-pro-12512-deep-blue-5g-03-square_medium.jpg","https://media-cdn.bnn.in.th/602369/xiaomi-smartphone-17t-pro-12512-deep-blue-5g-04-square_medium.jpg","https://media-cdn.bnn.in.th/602371/xiaomi-smartphone-17t-pro-12512-deep-blue-5g-06-square_medium.jpg"]', '{"screenSize":"6.67 นิ้ว","screenType":"AMOLED CrystalRes Display","refreshRate":"144Hz","chipset":"MediaTek Dimensity 9400+","backCamera":"กล้องหลัก 50MP Leica + Telephoto 50MP + Ultra-wide 12MP","frontCamera":"32MP","batteryLife":"5000mAh","fastCharge":"รองรับชาร์จไว 140W HyperCharge","os":"Xiaomi HyperOS 2","connections":"USB-C, 5G, Wi-Fi 7, Bluetooth 5.4, NFC","highlights":"ประสิทธิภาพสูงสุดด้วยชิป Dimensity 9400+, ระบบระบายความร้อนขั้นสูง, รองรับการถ่ายวิดีโอ 8K"}', 0, 0),
	(52, 'Xiaomi', 'Xiaomi 17', '[{"storage":"256GB","color":"Midnight Black","stock":"10","price":"25990"},{"storage":"256GB","color":"Stellar Silver","stock":"10","price":"25990"},{"storage":"256GB","color":"Cerulean Blue","stock":"10","price":"25990"},{"storage":"512GB","color":"Midnight Black","stock":"10","price":"28990"},{"storage":"512GB","color":"Stellar Silver","stock":"10","price":"28990"},{"storage":"512GB","color":"Cerulean Blue","stock":"10","price":"28990"}]', '["https://media-cdn.bnn.in.th/573364/xiaomi-smartphone-17-12512-alpine-pink-5g-01-square_medium.jpg","https://media-cdn.bnn.in.th/573365/xiaomi-smartphone-17-12512-alpine-pink-5g-03-square_medium.jpg","https://media-cdn.bnn.in.th/573366/xiaomi-smartphone-17-12512-alpine-pink-5g-04-square_medium.jpg","https://media-cdn.bnn.in.th/573368/xiaomi-smartphone-17-12512-alpine-pink-5g-06-square_medium.jpg","https://media-cdn.bnn.in.th/573371/xiaomi-smartphone-17-12512-alpine-pink-5g-09-square_medium.jpg"]', '{"screenSize":"6.36 นิ้ว","screenType":"AMOLED LTPO","refreshRate":"1-120Hz","chipset":"Snapdragon 8 Elite","backCamera":"ชุดกล้อง Leica 3 เลนส์ (หลัก 50MP + Telephoto 50MP + Ultra-wide 50MP)","frontCamera":"32MP","batteryLife":"4610mAh","fastCharge":"รองรับชาร์จไว 90W และไร้สาย 50W","os":"Xiaomi HyperOS 2","connections":"USB-C, 5G, Wi-Fi 7, Bluetooth 5.4, NFC","highlights":"ดีไซน์กะทัดรัดพรีเมียม, ประสิทธิภาพระดับสูงสุดด้วยชิป Snapdragon 8 Elite, กล้อง Leica ที่ได้รับการปรับปรุงใหม่"}', 0, 0),
	(53, 'Xiaomi', 'Xiaomi 15T', '[{"storage":"256GB","color":"Midnight Black","stock":"10","price":"14990"},{"storage":"256GB","color":"Glacier White","stock":"10","price":"14990"},{"storage":"256GB","color":"Aqua Blue","stock":"10","price":"14990"},{"storage":"512GB","color":"Midnight Black","stock":"10","price":"17990"},{"storage":"512GB","color":"Glacier White","stock":"10","price":"17990"},{"storage":"512GB","color":"Aqua Blue","stock":"10","price":"17990"}]', '["https://media-cdn.bnn.in.th/532372/xiaomi-smartphone-15t-rose-gold-5g-01-square_medium.jpg","https://media-cdn.bnn.in.th/532373/xiaomi-smartphone-15t-rose-gold-5g-03-square_medium.jpg","https://media-cdn.bnn.in.th/532375/xiaomi-smartphone-15t-rose-gold-5g-04-square_medium.jpg","https://media-cdn.bnn.in.th/532378/xiaomi-smartphone-15t-rose-gold-5g-06-square_medium.jpg","https://media-cdn.bnn.in.th/532382/xiaomi-smartphone-15t-rose-gold-5g-09-square_medium.jpg"]', '{"screenSize":"6.67 นิ้ว","screenType":"AMOLED","refreshRate":"144Hz","chipset":"MediaTek Dimensity 8300 Ultra","backCamera":"กล้องหลัก 64MP + Ultra-wide 12MP + Macro 2MP","frontCamera":"20MP","batteryLife":"5000mAh","fastCharge":"รองรับชาร์จไว 67W Turbo Charging","os":"Xiaomi HyperOS","connections":"USB-C, 5G, Wi-Fi 6, Bluetooth 5.4, NFC","highlights":"หน้าจอไหลลื่น 144Hz, ประสิทธิภาพคุ้มราคา, รองรับการใช้งานรอบด้าน"}', 0, 0),
	(54, 'Xiaomi', 'Redmi 15C', '[{"storage":"64GB","color":"Midnight Black","stock":"10","price":"3590"},{"storage":"64GB","color":"Forest Green","stock":"10","price":"3590"},{"storage":"128GB","color":"Midnight Black","stock":"10","price":"4190"},{"storage":"128GB","color":"Forest Green","stock":"10","price":"4190"}]', '["https://media-cdn.bnn.in.th/522641/xiaomi-smartphone-redmi-15c-6128-midnight-black-01-square_medium.jpg","https://media-cdn.bnn.in.th/522642/xiaomi-smartphone-redmi-15c-6128-midnight-black-03-square_medium.jpg","https://media-cdn.bnn.in.th/522643/xiaomi-smartphone-redmi-15c-6128-midnight-black-04-square_medium.jpg","https://media-cdn.bnn.in.th/522646/xiaomi-smartphone-redmi-15c-6128-midnight-black-07-square_medium.jpg","https://media-cdn.bnn.in.th/522648/xiaomi-smartphone-redmi-15c-6128-midnight-black-09-square_medium.jpg"]', '{"screenSize":"6.74 นิ้ว","screenType":"Dot Drop Display","refreshRate":"90Hz","chipset":"MediaTek Helio G85","backCamera":"กล้องหลัก 50MP + เลนส์เสริม AI","frontCamera":"8MP","batteryLife":"5000mAh","fastCharge":"รองรับชาร์จไว 18W","os":"Xiaomi HyperOS","connections":"USB-C, 4G LTE, Wi-Fi 2.4GHz/5GHz, Bluetooth 5.3","highlights":"หน้าจอใหญ่ลื่นไหล 90Hz, แบตเตอรี่อึดใช้งานได้ยาวนาน, ปลอดภัยด้วยเซนเซอร์สแกนลายนิ้วมือด้านข้าง"}', 0, 0),
	(55, 'Xiaomi', 'Redmi 15', '[{"storage":"128GB","color":"Midnight Black","stock":"10","price":"4990"},{"storage":"128GB","color":"Sky Blue","stock":"10","price":"4990"},{"storage":"128GB","color":"Olive Green","stock":"10","price":"4990"},{"storage":"256GB","color":"Midnight Black","stock":"10","price":"5990"},{"storage":"256GB","color":"Sky Blue","stock":"10","price":"5990"},{"storage":"256GB","color":"Olive Green","stock":"10","price":"5990"}]', '["https://media-cdn.bnn.in.th/542096/xiaomi-smartphone-redmi-15-8256-ripple-green-5g-01-square_medium.jpg","https://media-cdn.bnn.in.th/542097/xiaomi-smartphone-redmi-15-8256-ripple-green-5g-03-square_medium.jpg","https://media-cdn.bnn.in.th/542098/xiaomi-smartphone-redmi-15-8256-ripple-green-5g-04-square_medium.jpg","https://media-cdn.bnn.in.th/542101/xiaomi-smartphone-redmi-15-8256-ripple-green-5g-07-square_medium.jpg","https://media-cdn.bnn.in.th/542103/xiaomi-smartphone-redmi-15-8256-ripple-green-5g-09-square_medium.jpg"]', '{"screenSize":"6.79 นิ้ว","screenType":"FHD+ DotDisplay","refreshRate":"90Hz","chipset":"MediaTek Helio G91 Ultra","backCamera":"กล้องหลัก 108MP + Macro 2MP","frontCamera":"13MP","batteryLife":"5030mAh","fastCharge":"รองรับชาร์จไว 33W","os":"Xiaomi HyperOS","connections":"USB-C, 4G LTE, Wi-Fi, Bluetooth 5.3, NFC","highlights":"กล้องความละเอียดสูง 108MP, หน้าจอใหญ่คมชัดระดับ FHD+, ดีไซน์กระจกด้านหลังพรีเมียม"}', 0, 0),
	(56, 'Xiaomi', 'Redmi Note 15 Pro+', '[{"storage":"12GB + 256GB","color":"Midnight Black","stock":"10","price":"13510"},{"storage":"12GB + 256GB","color":"Glacier Blue","stock":"10","price":"13510"},{"storage":"12GB + 512GB","color":"Midnight Black","stock":"10","price":"15990"},{"storage":"12GB + 512GB","color":"Glacier Blue","stock":"10","price":"15990"}]', '["https://media-cdn.bnn.in.th/558800/xiaomi-smartphone-redmi-note-15-pro-12256-glacier-blue-5g-01-square_medium.jpg","https://media-cdn.bnn.in.th/558801/xiaomi-smartphone-redmi-note-15-pro-12256-glacier-blue-5g-03-square_medium.jpg","https://media-cdn.bnn.in.th/558802/xiaomi-smartphone-redmi-note-15-pro-12256-glacier-blue-5g-04-square_medium.jpg","https://media-cdn.bnn.in.th/558805/xiaomi-smartphone-redmi-note-15-pro-12256-glacier-blue-5g-07-square_medium.jpg","https://media-cdn.bnn.in.th/558807/xiaomi-smartphone-redmi-note-15-pro-12256-glacier-blue-5g-09-square_medium.jpg"]', '{"screenSize":"6.83 นิ้ว","screenType":"AMOLED 1.5K","refreshRate":"120Hz","chipset":"Qualcomm Snapdragon 7s Gen 4","backCamera":"กล้องหลัก 200MP (OIS) + Ultra-wide 8MP + Macro 2MP","frontCamera":"32MP","batteryLife":"6,500mAh","fastCharge":"รองรับชาร์จไว 100W HyperCharge","os":"HyperOS 2","connections":"USB-C, 5G, Wi-Fi 6E, Bluetooth 5.4, NFC","highlights":"กล้อง 200MP พร้อม OIS, มาตรฐานความทนทานระดับ IP69K, แบตเตอรี่ขนาดใหญ่พิเศษ 6,500mAh"}', 0, 0),
	(57, 'Xiaomi', 'Xiaomi Mix Flip', '[{"storage":"12GB + 256GB","color":"Black","stock":"10","price":"29990"},{"storage":"12GB + 256GB","color":"White","stock":"10","price":"29990"},{"storage":"12GB + 512GB","color":"Black","stock":"10","price":"32990"},{"storage":"12GB + 512GB","color":"White","stock":"10","price":"32990"},{"storage":"16GB + 1TB","color":"Black","stock":"10","price":"36990"},{"storage":"16GB + 1TB","color":"White","stock":"10","price":"36990"}]', '["https://media-cdn.bnn.in.th/433024/Xiaomi-Smartphone-Mix-Flip-Purple--3-square_medium.jpg","https://media-cdn.bnn.in.th/433022/Xiaomi-Smartphone-Mix-Flip-Purple--1-square_medium.jpg","https://media-cdn.bnn.in.th/433023/Xiaomi-Smartphone-Mix-Flip-Purple--2-square_medium.jpg","https://media-cdn.bnn.in.th/433025/Xiaomi-Smartphone-Mix-Flip-Purple--4-square_medium.jpg"]', '{"screenSize":"6.86 นิ้ว (จอหลักภายใน) / 4.01 นิ้ว (จอแสดงผลภายนอก)","screenType":"AMOLED LTPO 120Hz (ทั้งสองจอ)","refreshRate":"120Hz","chipset":"Snapdragon 8 Gen 3","backCamera":"กล้องคู่ Leica (หลัก 50MP OIS + Telephoto 50MP)","frontCamera":"32MP","batteryLife":"4780mAh","fastCharge":"รองรับชาร์จไว 67W","os":"Xiaomi HyperOS","connections":"USB-C, 5G, Wi-Fi 7, Bluetooth 5.4, NFC","highlights":"สมาร์ทโฟนจอพับแบบตลับแป้งที่บางเฉียบ, จอนอกขนาดใหญ่ใช้งานได้เต็มรูปแบบ, กล้อง Leica คุณภาพสูง"}', 0, 0),
	(58, 'Xiaomi', 'Xiaomi 14T Pro', '[{"storage":"12GB + 256GB","color":"Titan Gray","stock":"10","price":"19990"},{"storage":"12GB + 256GB","color":"Titan Blue","stock":"10","price":"19990"},{"storage":"12GB + 512GB","color":"Titan Gray","stock":"10","price":"21990"},{"storage":"12GB + 512GB","color":"Titan Blue","stock":"10","price":"21990"},{"storage":"16GB + 1TB","color":"Titan Gray","stock":"10","price":"25990"},{"storage":"16GB + 1TB","color":"Titan Blue","stock":"10","price":"25990"}]', '["https://media-cdn.bnn.in.th/431571/Xiaomi-14T-Pro-Titan-Black-5G-1-square_medium.jpg","https://media-cdn.bnn.in.th/431570/Xiaomi-14T-Pro-Titan-Black-5G-2-square_medium.jpg","https://media-cdn.bnn.in.th/431569/Xiaomi-14T-Pro-Titan-Black-5G-3-square_medium.jpg","https://media-cdn.bnn.in.th/431566/Xiaomi-14T-Pro-Titan-Black-5G-6-square_medium.jpg"]', '{"screenSize":"6.67 นิ้ว","screenType":"AMOLED CrystalRes Display","refreshRate":"144Hz","chipset":"MediaTek Dimensity 9300+","backCamera":"กล้องหลัก 50MP (Leica) + Telephoto 50MP + Ultra-wide 12MP","frontCamera":"32MP","batteryLife":"5000mAh","fastCharge":"รองรับชาร์จไว 120W HyperCharge และชาร์จไร้สาย 50W","os":"Xiaomi HyperOS","connections":"USB-C, 5G, Wi-Fi 7, Bluetooth 5.4, NFC","highlights":"ระบบกล้อง Leica คุณภาพสูง, ประสิทธิภาพเรือธงด้วยชิป Dimensity 9300+, มาตรฐานกันน้ำกันฝุ่น IP68"}', 0, 0),
	(59, 'Xiaomi', 'Xiaomi 14', '[{"storage":"12GB + 256GB","color":"Black","stock":"10","price":"24990"},{"storage":"12GB + 256GB","color":"White","stock":"10","price":"24990"},{"storage":"12GB + 256GB","color":"Jade Green","stock":"10","price":"24990"},{"storage":"12GB + 512GB","color":"Black","stock":"10","price":"27990"},{"storage":"12GB + 512GB","color":"White","stock":"10","price":"27990"},{"storage":"12GB + 512GB","color":"Jade Green","stock":"10","price":"27990"}]', '["https://media-cdn.bnn.in.th/380653/Xiaomi-14-Jade-Green-1-square_medium.jpg","https://media-cdn.bnn.in.th/380654/Xiaomi-14-Jade-Green-2-square_medium.jpg","https://media-cdn.bnn.in.th/380655/Xiaomi-14-Jade-Green-3-square_medium.jpg","https://media-cdn.bnn.in.th/380656/Xiaomi-14-Jade-Green-4-square_medium.jpg"]', '{"screenSize":"6.36 นิ้ว","screenType":"LTPO OLED (CrystalRes)","refreshRate":"1-120Hz","chipset":"Snapdragon 8 Gen 3","backCamera":"ชุดกล้อง Leica 3 เลนส์ (หลัก 50MP OIS + Telephoto 50MP + Ultra-wide 50MP)","frontCamera":"32MP","batteryLife":"4610mAh","fastCharge":"รองรับชาร์จไว 90W HyperCharge และชาร์จไร้สาย 50W","os":"Xiaomi HyperOS","connections":"USB-C, 5G, Wi-Fi 7, Bluetooth 5.4, NFC","highlights":"ขนาดกะทัดรัดพรีเมียม, ประสิทธิภาพระดับเรือธง Snapdragon 8 Gen 3, กล้อง Leica ที่ยอดเยี่ยม"}', 0, 0);

-- Dumping structure for table phonehub.users
CREATE TABLE IF NOT EXISTS `users` (
  `id` int(11) NOT NULL AUTO_INCREMENT,
  `username` varchar(50) NOT NULL,
  `password` varchar(255) NOT NULL,
  `role` enum('user','admin','manager') NOT NULL DEFAULT 'user',
  `name` varchar(50) NOT NULL,
  `email` varchar(50) NOT NULL,
  `phone` varchar(10) NOT NULL,
  `address` varchar(50) NOT NULL,
  `subdistrict` varchar(50) NOT NULL,
  `district` varchar(50) NOT NULL,
  `province` varchar(20) NOT NULL,
  `postal_code` varchar(6) NOT NULL,
  `deleted` int(1) NOT NULL DEFAULT 0,
  PRIMARY KEY (`id`)
) ENGINE=InnoDB AUTO_INCREMENT=5 DEFAULT CHARSET=utf8mb4 COLLATE=utf8mb4_general_ci;

-- Dumping data for table phonehub.users: ~4 rows (approximately)
REPLACE INTO `users` (`id`, `username`, `password`, `role`, `name`, `email`, `phone`, `address`, `subdistrict`, `district`, `province`, `postal_code`, `deleted`) VALUES
	(1, 'Pixe1', '$2b$10$7C51tpWBlgIYUTEONJ1bcOc6ZHXhzQmIpQ.PT5v94yD', 'user', 'sunshine sabyedee', 'thunder2xx1@gmail.com', '0999999999', '', '', '', '', '', 0),
	(2, 'Pixel', '$2b$10$nzZH/fmOu0ZwI1fv/2IfpefMgd3n2CUA47v1vnpyNH77tEWf/fJ.K', 'admin', 'sunshine sabyedee', 'thunder2xx1@gmail.com', '0999999999', '', '', '', '', '', 0),
	(3, 'Sunshine', '$2b$10$X5GDow0oXoZigtfwppJMe.TUQWOG/P3SN9d0Eh9J6VVUTIrdJO/eW', 'user', 'Sunshine Sunjai', 'sunshine@gmail.com', '0444444444', '123/4 หมู่5 ถนนพหลโยธิน', 'อนุเสาวรีย์', 'บางเขน', 'กรุงเทพมหานคร', '10220', 0),
	(4, 'Fear', '$2b$10$.UMvJHQuAsbZiT7Gcaijluje1n7x4A647HChtw7mY2bF8kWSYJS0S', 'user', 'Fear JuJuu', 'fear@example.com', '0222222222', '181/4 หมู่ที่6 ซอยนาแก ถนนพหลโยธิน', 'อนุเสาวรีย์', 'บางเขน', 'กรุงเทพมหานคร', '10220', 0);

/*!40103 SET TIME_ZONE=IFNULL(@OLD_TIME_ZONE, 'system') */;
/*!40101 SET SQL_MODE=IFNULL(@OLD_SQL_MODE, '') */;
/*!40014 SET FOREIGN_KEY_CHECKS=IFNULL(@OLD_FOREIGN_KEY_CHECKS, 1) */;
/*!40101 SET CHARACTER_SET_CLIENT=@OLD_CHARACTER_SET_CLIENT */;
/*!40111 SET SQL_NOTES=IFNULL(@OLD_SQL_NOTES, 1) */;
